Token,Occurrences,Token Kind,Sample Sources,Proposed Material Icon,Needs Alias In Catalog,Migration Status,Notes
QA,6,shorthand badge,src/CanDoItAll.Modules.Factory/CanvasAdapters/PromptFactorySessionGraphAdapter.cs:818; src/CanDoItAll.Modules.Factory/CanvasAdapters/PromptFactorySessionGraphAdapter.cs:836; src/CanDoItAll.Modules.Factory/CanvasAdapters/PromptFactorySessionGraphAdapter.cs:859; src/CanDoItAll.Modules.Factory/CanvasAdapters/PromptFactorySessionGraphAdapter.cs:872; src/CanDoItAll.Modules.Workbench/CanvasAdapters/ProjectStructureValidationOverlay.cs:21,fact_check,No,Completed,Legacy shorthand or raw glyph replaced with a direct Material icon.
flow,6,named token,src/CanDoItAll.Modules.Factory/PromptFactoryCanvasCatalog.cs:247; src/CanDoItAll.Modules.Factory/PromptFactoryCanvasCatalog.cs:374; src/CanDoItAll.Modules.Factory/PromptFactoryCanvasCatalog.cs:394; src/CanDoItAll.Modules.Factory/CanvasAdapters/PromptRunBranchLane.cs:66; src/CanDoItAll.Modules.Factory/Pages/PromptFactoryPage.razor:2170,account_tree,Yes,Completed,Resolved through MaterialIconCatalog alias.
fork,6,named token,src/CanDoItAll.Modules.Factory/CanvasAdapters/PromptFactorySessionGraphAdapter.cs:739; src/CanDoItAll.Modules.Factory/CanvasAdapters/PromptRunBranchLane.cs:67; src/CanDoItAll.Modules.Factory/Pages/PromptFactoryPage.razor:2171; src/CanDoItAll.Modules.Factory/Pages/PromptFactoryPage.razor:2260; src/CanDoItAll.Modules.Workbench/CanvasAdapters/ProjectStructureActionCatalogAdapter.cs:84,call_split,Yes,Completed,Resolved through MaterialIconCatalog alias.
clear,5,named token,src/CanDoItAll.Modules.Factory/PromptFactoryCanvasCatalog.cs:229; src/CanDoItAll.Modules.Factory/PromptFactoryCanvasCatalog.cs:292; src/CanDoItAll.Modules.Factory/PromptFactoryCanvasCatalog.cs:314; src/CanDoItAll.Modules.Factory/PromptFactoryCanvasCatalog.cs:480; src/CanDoItAll.Modules.Workbench/CanvasAdapters/ProjectStructureActionCatalogAdapter.cs:112,clear,No,Completed,Direct Material icon token.
open,5,named token,src/CanDoItAll.Modules.Factory/CanvasAdapters/PromptFactorySessionGraphAdapter.cs:743; src/CanDoItAll.Modules.Factory/Pages/PromptFactoryPage.razor:2264; src/CanDoItAll.Modules.Workbench/CanvasAdapters/ProjectStructureActionCatalogAdapter.cs:17; src/CanDoItAll.Modules.Workbench/CanvasAdapters/ProjectStructureActionCatalogAdapter.cs:201; src/CanDoItAll.Modules.Workbench/CanvasAdapters/ProjectStructureActionCatalogAdapter.cs:235,open_in_new,Yes,Completed,Resolved through MaterialIconCatalog alias.
!,3,raw glyph or text icon,src/CanDoItAll.Components.CanvasLib/Canvas/Graph/Primitives/ChipBadgePrimitive.cs:51; src/CanDoItAll.Modules.Factory/CanvasAdapters/RecommendationOverlay.cs:96; src/CanDoItAll.Modules.Workbench/CanvasAdapters/ProjectStructureValidationOverlay.cs:48,priority_high,No,Completed,Legacy shorthand or raw glyph replaced with a direct Material icon.
BR,3,shorthand badge,src/CanDoItAll.Modules.Factory/CanvasAdapters/PromptRunBranchLane.cs:21; src/CanDoItAll.Modules.Factory/CanvasAdapters/RecommendationOverlay.cs:161; src/CanDoItAll.Modules.Factory/Pages/PromptFactoryPage.razor:2148,call_split,No,Completed,Legacy shorthand or raw glyph replaced with a direct Material icon.
IN,3,shorthand badge,src/CanDoItAll.Components.Sandbox/SandboxCanvasSamples.cs:217; src/CanDoItAll.Modules.Factory/CanvasAdapters/PromptFactorySessionGraphAdapter.cs:509; src/CanDoItAll.Modules.Factory/Pages/PromptFactoryPage.Catalog.cs:353,input,No,Completed,Legacy shorthand or raw glyph replaced with a direct Material icon.
SET,3,shorthand badge,src/CanDoItAll.Modules.Factory/CanvasAdapters/PromptFactorySessionGraphAdapter.cs:450; src/CanDoItAll.Modules.Factory/CanvasAdapters/PromptFactorySessionGraphAdapter.cs:794; src/CanDoItAll.Modules.Factory/Pages/PromptFactoryPage.Catalog.cs:298,settings,No,Completed,Legacy shorthand or raw glyph replaced with a direct Material icon.
qa,3,named token,src/CanDoItAll.Modules.Factory/CanvasAdapters/PromptFactorySessionGraphAdapter.cs:741; src/CanDoItAll.Modules.Factory/Pages/PromptFactoryPage.razor:2262; src/CanDoItAll.Modules.Workbench/CanvasAdapters/ProjectStructureActionCatalogAdapter.cs:25,fact_check,Yes,Completed,Resolved through MaterialIconCatalog alias.
skip,3,named token,src/CanDoItAll.Modules.Factory/CanvasAdapters/PromptFactorySessionGraphAdapter.cs:742; src/CanDoItAll.Modules.Factory/Pages/PromptFactoryPage.razor:2263; src/CanDoItAll.Modules.Workbench/CanvasAdapters/ProjectStructureActionCatalogAdapter.cs:86,skip_next,Yes,Completed,Resolved through MaterialIconCatalog alias.
summary,3,named token,src/CanDoItAll.Modules.Workbench/CanvasAdapters/ProjectStructureActionCatalogAdapter.cs:18; src/CanDoItAll.Modules.Workbench/CanvasAdapters/ProjectStructureActionCatalogAdapter.cs:68; src/CanDoItAll.Modules.Workbench/CanvasAdapters/ProjectStructureActionCatalogAdapter.cs:210,pie_chart,Yes,Completed,Resolved through MaterialIconCatalog alias.
use,3,named token,src/CanDoItAll.Modules.Factory/CanvasAdapters/PromptFactorySessionGraphAdapter.cs:740; src/CanDoItAll.Modules.Factory/Pages/PromptFactoryPage.razor:2261; src/CanDoItAll.Modules.Workbench/CanvasAdapters/ProjectStructureActionCatalogAdapter.cs:85,done_all,Yes,Completed,Resolved through MaterialIconCatalog alias.
x,3,raw glyph or text icon,src/CanDoItAll.Components/Components/AppTabStrip.razor:207; src/CanDoItAll.Components.BaseLib/Components/Modals/Dialog.razor:53; src/CanDoItAll.Web/Components/Layout/MainLayout.razor:255,close,No,Completed,Legacy shorthand or raw glyph replaced with a direct Material icon.
BL,2,shorthand badge,src/CanDoItAll.Modules.Factory/CanvasAdapters/PromptFactorySessionGraphAdapter.cs:239; src/CanDoItAll.Modules.Factory/Pages/PromptFactoryPage.Catalog.cs:256,extension,No,Completed,Legacy shorthand or raw glyph replaced with a direct Material icon.
BP,2,shorthand badge,src/CanDoItAll.Modules.Factory/CanvasAdapters/PromptFactorySessionGraphAdapter.cs:69; src/CanDoItAll.Modules.Factory/Pages/PromptFactoryPage.Catalog.cs:88,design_services,No,Completed,Legacy shorthand or raw glyph replaced with a direct Material icon.
CP,2,shorthand badge,src/CanDoItAll.Modules.Factory/CanvasAdapters/PromptFactorySessionGraphAdapter.cs:143; src/CanDoItAll.Modules.Factory/Pages/PromptFactoryPage.Catalog.cs:160,widgets,No,Completed,Legacy shorthand or raw glyph replaced with a direct Material icon.
FL,2,shorthand badge,src/CanDoItAll.Modules.Factory/CanvasAdapters/PromptFactorySessionGraphAdapter.cs:103; src/CanDoItAll.Modules.Factory/Pages/PromptFactoryPage.Catalog.cs:121,account_tree,No,Completed,Legacy shorthand or raw glyph replaced with a direct Material icon.
GR,2,shorthand badge,src/CanDoItAll.Modules.Factory/CanvasAdapters/PromptFactorySessionGraphAdapter.cs:213; src/CanDoItAll.Modules.Factory/Pages/PromptFactoryPage.Catalog.cs:230,folder,No,Completed,Legacy shorthand or raw glyph replaced with a direct Material icon.
PF,2,shorthand badge,src/CanDoItAll.Modules.Factory/CanvasAdapters/PromptFactorySessionGraphAdapter.cs:283; src/CanDoItAll.Modules.Factory/Pages/PromptFactoryPage.razor:2072,auto_awesome,No,Completed,Legacy shorthand or raw glyph replaced with a direct Material icon.
REC,2,shorthand badge,src/CanDoItAll.Modules.Factory/CanvasAdapters/RecommendationOverlay.cs:118; src/CanDoItAll.Modules.Factory/CanvasAdapters/RecommendationOverlay.cs:140,auto_awesome,No,Completed,Legacy shorthand or raw glyph replaced with a direct Material icon.
SC,2,shorthand badge,src/CanDoItAll.Modules.Factory/CanvasAdapters/PromptFactorySessionGraphAdapter.cs:182; src/CanDoItAll.Modules.Factory/Pages/PromptFactoryPage.Catalog.cs:199,grid_view,No,Completed,Legacy shorthand or raw glyph replaced with a direct Material icon.
ST,2,shorthand badge,src/CanDoItAll.Modules.Factory/CanvasAdapters/PromptFactorySessionGraphAdapter.cs:368; src/CanDoItAll.Modules.Factory/Pages/PromptFactoryPage.razor:2189,format_list_numbered,No,Completed,Legacy shorthand or raw glyph replaced with a direct Material icon.
link,2,named token,src/CanDoItAll.Modules.Workbench/CanvasAdapters/ProjectStructureActionCatalogAdapter.cs:19; src/CanDoItAll.Modules.Workbench/CanvasAdapters/ProjectStructureActionCatalogAdapter.cs:219,link,No,Completed,Direct Material icon token.
pin,2,raw glyph or text icon,src/CanDoItAll.Components/Components/AppTabStrip.razor:196; src/CanDoItAll.Components/Components/AppTabStrip.razor:203,pin,No,Completed,Direct Material icon token.
prompt,2,named token,src/CanDoItAll.Modules.Factory/PromptFactoryCanvasCatalog.cs:329; src/CanDoItAll.Modules.Factory/PromptFactoryCanvasCatalog.cs:429,auto_awesome,Yes,Completed,Resolved through MaterialIconCatalog alias.
relink,2,named token,src/CanDoItAll.Modules.Workbench/CanvasAdapters/ProjectStructureActionCatalogAdapter.cs:20; src/CanDoItAll.Modules.Workbench/CanvasAdapters/ProjectStructureActionCatalogAdapter.cs:261,sync_alt,Yes,Completed,Resolved through MaterialIconCatalog alias.
session,2,named token,src/CanDoItAll.Modules.Factory/CanvasAdapters/PromptFactorySessionGraphAdapter.cs:478; src/CanDoItAll.Modules.Factory/Pages/PromptFactoryPage.Catalog.cs:325,web_asset,Yes,Completed,Resolved through MaterialIconCatalog alias.
visibility_off,2,named token,src/CanDoItAll.Components.CanvasLib/Components/Core/CanvasFloatingWindow.razor:35; src/CanDoItAll.Components.CanvasLib/Components/Core/CanvasFloatingWindow.razor:79,visibility_off,No,Completed,Direct Material icon token.
zZ,2,raw glyph or text icon,src/CanDoItAll.Components/Components/AppTabStrip.razor:45; src/CanDoItAll.Components/Components/AppTabStrip.razor:204,bedtime,No,Completed,Legacy shorthand or raw glyph replaced with a direct Material icon.
->,1,raw glyph or text icon,src/CanDoItAll.Components.CanvasLib/Canvas/Graph/Primitives/ChipBadgePrimitive.cs:53,arrow_forward,No,Completed,Legacy shorthand or raw glyph replaced with a direct Material icon.
/xl/workbook.xml,1,expression or mixed token,src/CanDoItAll.Modules.Workbench/ProjectStructureSummaryModels.cs:272,,No,Excluded - false positive,False positive from spreadsheet path string; no icon migration required.
/xl/worksheets/sheet1.xml,1,expression or mixed token,src/CanDoItAll.Modules.Workbench/ProjectStructureSummaryModels.cs:273,,No,Excluded - false positive,False positive from spreadsheet path string; no icon migration required.
CV,1,shorthand badge,src/CanDoItAll.Components.Sandbox/SandboxCanvasSamples.cs:263,draw,No,Completed,Legacy shorthand or raw glyph replaced with a direct Material icon.
FB,1,shorthand badge,src/CanDoItAll.Components.Sandbox/SandboxCanvasSamples.cs:240,feedback,No,Completed,Legacy shorthand or raw glyph replaced with a direct Material icon.
FD,1,shorthand badge,src/CanDoItAll.Components.Sandbox/SandboxCanvasSamples.cs:194,palette,No,Completed,Legacy shorthand or raw glyph replaced with a direct Material icon.
OK,1,shorthand badge,src/CanDoItAll.Components.CanvasLib/Canvas/Graph/Primitives/ChipBadgePrimitive.cs:52,check_circle,No,Completed,Legacy shorthand or raw glyph replaced with a direct Material icon.
PR,1,shorthand badge,src/CanDoItAll.Components.Sandbox/SandboxCanvasSamples.cs:290,photo_camera,No,Completed,Legacy shorthand or raw glyph replaced with a direct Material icon.
ResolveAttachmentDisplayName,1,expression or mixed token,src/CanDoItAll.Modules.Workbench/Pages/ProjectStructurePage.razor:148,,No,Excluded - false positive,False positive from method identifier text; no icon migration required.
WB,1,shorthand badge,src/CanDoItAll.Components.Sandbox/SandboxCanvasSamples.cs:169,dashboard,No,Completed,Legacy shorthand or raw glyph replaced with a direct Material icon.
action.Icon or >,1,expression or mixed token,src/CanDoItAll.Components.CanvasLib/Components/Graph/Overlays/ContextMenuHost.razor:16,,No,Excluded - false positive,Legacy inventory expression capture; live source now uses the shared Icon component.
ai,1,named token,src/CanDoItAll.Modules.Workbench/CanvasAdapters/ProjectStructureActionCatalogAdapter.cs:64,smart_toy,Yes,Completed,Resolved through MaterialIconCatalog alias.
audit,1,named token,src/CanDoItAll.Modules.Factory/PromptFactoryCanvasCatalog.cs:238,fact_check,Yes,Completed,Resolved through MaterialIconCatalog alias.
bars_staggered,1,named token,src/CanDoItAll.Components.Sandbox/Components/Pages/Navigation.razor:32,view_headline,Yes,Completed,Resolved through MaterialIconCatalog alias.
calendar,1,named token,src/CanDoItAll.Components.Sandbox/Components/Pages/Navigation.razor:35,calendar_month,Yes,Completed,Resolved through MaterialIconCatalog alias.
circle_info,1,named token,src/CanDoItAll.Components.Sandbox/Components/Pages/Navigation.razor:38,info,Yes,Completed,Resolved through MaterialIconCatalog alias.
delete,1,named token,src/CanDoItAll.Modules.Workbench/CanvasAdapters/ProjectStructureActionCatalogAdapter.cs:27,delete,No,Completed,Direct Material icon token.
deliver,1,named token,src/CanDoItAll.Modules.Workbench/CanvasAdapters/ProjectStructureActionCatalogAdapter.cs:70,local_shipping,Yes,Completed,Resolved through MaterialIconCatalog alias.
draw,1,named token,src/CanDoItAll.Modules.Workbench/Pages/ProjectStructurePage.NodeEditing.cs:242,draw,No,Completed,Direct Material icon token.
expand,1,named token,src/CanDoItAll.Components.CanvasLib/Components/Core/CanvasFloatingWindow.razor:28,open_in_full,Yes,Completed,Resolved through MaterialIconCatalog alias.
expand_more,1,named token,src/CanDoItAll.Modules.Workbench/Pages/ProjectStructureSelectionPanel.razor:326,expand_more,No,Completed,Direct Material icon token.
feature,1,named token,src/CanDoItAll.Modules.Factory/PromptFactoryCanvasCatalog.cs:409,star,Yes,Completed,Resolved through MaterialIconCatalog alias.
file,1,named token,src/CanDoItAll.Modules.Factory/PromptFactoryCanvasCatalog.cs:444,insert_drive_file,Yes,Completed,Resolved through MaterialIconCatalog alias.
frame,1,named token,src/CanDoItAll.Modules.Workbench/CanvasAdapters/ProjectStructureActionCatalogAdapter.cs:103,crop_square,Yes,Completed,Resolved through MaterialIconCatalog alias.
marker,1,named token,src/CanDoItAll.Modules.Workbench/CanvasAdapters/ProjectStructureActionCatalogAdapter.cs:348,bookmark,Yes,Completed,Resolved through MaterialIconCatalog alias.
marker-alert,1,named token,src/CanDoItAll.Modules.Workbench/CanvasAdapters/ProjectStructureActionCatalogAdapter.cs:355,warning,Yes,Completed,Resolved through MaterialIconCatalog alias.
marker-car,1,named token,src/CanDoItAll.Modules.Workbench/CanvasAdapters/ProjectStructureActionCatalogAdapter.cs:361,directions_car,Yes,Completed,Resolved through MaterialIconCatalog alias.
marker-idea,1,named token,src/CanDoItAll.Modules.Workbench/CanvasAdapters/ProjectStructureActionCatalogAdapter.cs:362,lightbulb,Yes,Completed,Resolved through MaterialIconCatalog alias.
marker-money,1,named token,src/CanDoItAll.Modules.Workbench/CanvasAdapters/ProjectStructureActionCatalogAdapter.cs:360,payments,Yes,Completed,Resolved through MaterialIconCatalog alias.
marker-none,1,named token,src/CanDoItAll.Modules.Workbench/CanvasAdapters/ProjectStructureActionCatalogAdapter.cs:353,bookmark_border,Yes,Completed,Resolved through MaterialIconCatalog alias.
marker-pause,1,named token,src/CanDoItAll.Modules.Workbench/CanvasAdapters/ProjectStructureActionCatalogAdapter.cs:358,pause_circle,Yes,Completed,Resolved through MaterialIconCatalog alias.
marker-question,1,named token,src/CanDoItAll.Modules.Workbench/CanvasAdapters/ProjectStructureActionCatalogAdapter.cs:354,help,Yes,Completed,Resolved through MaterialIconCatalog alias.
marker-risk,1,named token,src/CanDoItAll.Modules.Workbench/CanvasAdapters/ProjectStructureActionCatalogAdapter.cs:363,report_problem,Yes,Completed,Resolved through MaterialIconCatalog alias.
marker-stop,1,named token,src/CanDoItAll.Modules.Workbench/CanvasAdapters/ProjectStructureActionCatalogAdapter.cs:359,stop_circle,Yes,Completed,Resolved through MaterialIconCatalog alias.
marker-thumbs-down,1,named token,src/CanDoItAll.Modules.Workbench/CanvasAdapters/ProjectStructureActionCatalogAdapter.cs:357,thumb_down,Yes,Completed,Resolved through MaterialIconCatalog alias.
marker-thumbs-up,1,named token,src/CanDoItAll.Modules.Workbench/CanvasAdapters/ProjectStructureActionCatalogAdapter.cs:356,thumb_up,Yes,Completed,Resolved through MaterialIconCatalog alias.
minimize,1,named token,src/CanDoItAll.Components.CanvasLib/Components/Core/CanvasFloatingWindow.razor:64,minimize,No,Completed,Direct Material icon token.
priority,1,named token,src/CanDoItAll.Modules.Workbench/CanvasAdapters/ProjectStructureActionCatalogAdapter.cs:374,priority_high,Yes,Completed,Resolved through MaterialIconCatalog alias.
priority-0,1,named token,src/CanDoItAll.Modules.Workbench/CanvasAdapters/ProjectStructureActionCatalogAdapter.cs:379,remove_circle_outline,Yes,Completed,Resolved through MaterialIconCatalog alias.
priority-1,1,named token,src/CanDoItAll.Modules.Workbench/CanvasAdapters/ProjectStructureActionCatalogAdapter.cs:380,looks_one,Yes,Completed,Resolved through MaterialIconCatalog alias.
priority-2,1,named token,src/CanDoItAll.Modules.Workbench/CanvasAdapters/ProjectStructureActionCatalogAdapter.cs:381,looks_two,Yes,Completed,Resolved through MaterialIconCatalog alias.
priority-3,1,named token,src/CanDoItAll.Modules.Workbench/CanvasAdapters/ProjectStructureActionCatalogAdapter.cs:382,looks_3,Yes,Completed,Resolved through MaterialIconCatalog alias.
priority-4,1,named token,src/CanDoItAll.Modules.Workbench/CanvasAdapters/ProjectStructureActionCatalogAdapter.cs:383,looks_4,Yes,Completed,Resolved through MaterialIconCatalog alias.
priority-5,1,named token,src/CanDoItAll.Modules.Workbench/CanvasAdapters/ProjectStructureActionCatalogAdapter.cs:384,looks_5,Yes,Completed,Resolved through MaterialIconCatalog alias.
priority-6,1,named token,src/CanDoItAll.Modules.Workbench/CanvasAdapters/ProjectStructureActionCatalogAdapter.cs:385,looks_6,Yes,Completed,Resolved through MaterialIconCatalog alias.
progress,1,named token,src/CanDoItAll.Modules.Workbench/CanvasAdapters/ProjectStructureActionCatalogAdapter.cs:281,trending_up,Yes,Completed,Resolved through MaterialIconCatalog alias.
progress-0,1,named token,src/CanDoItAll.Modules.Workbench/CanvasAdapters/ProjectStructureActionCatalogAdapter.cs:297,radio_button_unchecked,Yes,Completed,Resolved through MaterialIconCatalog alias.
progress-na,1,named token,src/CanDoItAll.Modules.Workbench/CanvasAdapters/ProjectStructureActionCatalogAdapter.cs:333,remove_circle_outline,Yes,Completed,Resolved through MaterialIconCatalog alias.
progress-started,1,named token,src/CanDoItAll.Modules.Workbench/CanvasAdapters/ProjectStructureActionCatalogAdapter.cs:307,play_arrow,Yes,Completed,Resolved through MaterialIconCatalog alias.
redo_arrow,1,raw glyph or text icon,src/CanDoItAll.Modules.Factory/Pages/Components/PromptFactoryHistoryToolbar.razor:19,redo_arrow,No,Completed,Direct Material icon token.
restart_alt,1,named token,src/CanDoItAll.Components.CanvasLib/Components/Core/CanvasFloatingWindow.razor:72,restart_alt,No,Completed,Direct Material icon token.
settings,1,named token,src/CanDoItAll.Components.CanvasLib/Components/Workbench/CanvasWorkbench.razor:87,settings,No,Completed,Direct Material icon token.
single_left_angle,1,raw glyph or text icon,src/CanDoItAll.Components/Components/AppTabStrip.razor:201,single_left_angle,No,Completed,Direct Material icon token.
single_right_angle,1,raw glyph or text icon,src/CanDoItAll.Components/Components/AppTabStrip.razor:202,single_right_angle,No,Completed,Direct Material icon token.
support,1,named token,src/CanDoItAll.Modules.Factory/PromptFactoryCanvasCatalog.cs:256,support_agent,Yes,Completed,Resolved through MaterialIconCatalog alias.
task,1,named token,src/CanDoItAll.Modules.Workbench/CanvasAdapters/ProjectStructureActionCatalogAdapter.cs:69,task,No,Completed,Direct Material icon token.
test,1,named token,src/CanDoItAll.Modules.Workbench/CanvasAdapters/ProjectStructureActionCatalogAdapter.cs:26,science,Yes,Completed,Resolved through MaterialIconCatalog alias.
times,1,raw glyph or text icon,src/CanDoItAll.Components.BaseLib/Components/Forms/TagEditor.razor:14,times,No,Completed,Direct Material icon token.
transcript,1,named token,src/CanDoItAll.Modules.Workbench/CanvasAdapters/ProjectStructureActionCatalogAdapter.cs:51,closed_caption,Yes,Completed,Resolved through MaterialIconCatalog alias.
undo_arrow,1,raw glyph or text icon,src/CanDoItAll.Modules.Factory/Pages/Components/PromptFactoryHistoryToolbar.razor:9,undo_arrow,No,Completed,Direct Material icon token.
unlink,1,named token,src/CanDoItAll.Modules.Workbench/CanvasAdapters/ProjectStructureActionCatalogAdapter.cs:21,link_off,Yes,Completed,Resolved through MaterialIconCatalog alias.
