Path,Area,Prefix,Token,Count
C:\repositories\CanDoItAll\src\CanDoItAll.Modules.Resources\Pages\ResourcesPage.razor,Modules,cda,cda-input,36
C:\repositories\CanDoItAll\src\CanDoItAll.Modules.Resources\Pages\ResourcesPage.razor,Modules,cda,cda-field-label,32
C:\repositories\CanDoItAll\src\CanDoItAll.Modules.TestLab\Pages\TestLabPage.razor,Modules,cda,cda-input,21
C:\repositories\CanDoItAll\src\CanDoItAll.Modules.Workspace\Pages\SettingsPage.razor,Modules,cda,cda-input,19
C:\repositories\CanDoItAll\Tailwind\navigation\treeview.css,Tailwind,cda,cda-treeview,19
C:\repositories\CanDoItAll\src\CanDoItAll.Modules.Workspace\Pages\SettingsPage.razor,Modules,cda,cda-field-label,17
C:\repositories\CanDoItAll\src\CanDoItAll.Modules.Projects\Pages\Components\ProjectModalHost.razor,Modules,cda,cda-input,16
C:\repositories\CanDoItAll\src\CanDoItAll.Modules.Workspace\Pages\Components\ProjectStructureAgentSettingsPanel.razor,Modules,cda,cda-input,15
C:\repositories\CanDoItAll\src\CanDoItAll.Modules.Workspace\Pages\Components\ProjectStructureAgentSettingsPanel.razor,Modules,cda,cda-field-label,14
C:\repositories\CanDoItAll\src\CanDoItAll.Components.BaseLib\Components\Navigation\TreeViewNodeRow.razor,BaseLib,cda,cda-treeview,14
C:\repositories\CanDoItAll\src\CanDoItAll.Components.BaseLib\Components\Navigation\PageHeader.razor,BaseLib,cda,cda-page-header,13
C:\repositories\CanDoItAll\src\CanDoItAll.Components\Components\AppTabStrip.razor,LegacyComponents,cda,cda-tab-menu,13
C:\repositories\CanDoItAll\Tailwind\controls\buttons.css,Tailwind,cda,cda-button--text,10
C:\repositories\CanDoItAll\src\CanDoItAll.Modules.Projects\Pages\Components\ProjectModalHost.razor,Modules,cda,cda-eyebrow,10
C:\repositories\CanDoItAll\src\CanDoItAll.Modules.Prompts\Pages\PromptGalleryPage.razor,Modules,cda,cda-input,10
C:\repositories\CanDoItAll\src\CanDoItAll.Modules.Validation\Pages\ValidationCenterPage.razor,Modules,cda,cda-input,10
C:\repositories\CanDoItAll\Tailwind\controls\buttons.css,Tailwind,cda,cda-button--filled,9
C:\repositories\CanDoItAll\Tailwind\controls\buttons.css,Tailwind,cda,cda-button--outlined,9
C:\repositories\CanDoItAll\Tailwind\navigation\page-header.css,Tailwind,cda,cda-page-header,9
C:\repositories\CanDoItAll\src\CanDoItAll.Components\Components\AppShell.razor,LegacyComponents,cda,cda-eyebrow,8
C:\repositories\CanDoItAll\src\CanDoItAll.Web\Components\Layout\MainLayout.razor,WebApp,cda,cda-eyebrow,8
C:\repositories\CanDoItAll\src\CanDoItAll.Components\Components\AppTabStrip.razor,LegacyComponents,cda,cda-inline-tab,8
C:\repositories\CanDoItAll\src\CanDoItAll.Components.BaseLib\Components\Badges\Pill.razor,BaseLib,cda,cda-stat-pill,8
C:\repositories\CanDoItAll\Tailwind\navigation\tabs.css,Tailwind,cda,cda-tab-menu,8
C:\repositories\CanDoItAll\src\CanDoItAll.Modules.Validation\Pages\ValidationCenterPage.razor,Modules,cda,cda-field-label,7
C:\repositories\CanDoItAll\src\CanDoItAll.Modules.Prompts\Pages\PromptGalleryPage.razor,Modules,cda,cda-field-label,6
C:\repositories\CanDoItAll\src\CanDoItAll.Modules.Workspace\Pages\Components\ProjectStructureAgentSettingsPanel.razor,Modules,cda,cda-inline-option,6
C:\repositories\CanDoItAll\Tailwind\forms\fields.css,Tailwind,cda,cda-prefixed-field,6
C:\repositories\CanDoItAll\src\CanDoItAll.Modules.TestLab\Pages\TestLabPage.razor,Modules,cda,cda-field-label,5
C:\repositories\CanDoItAll\src\CanDoItAll.Modules.Workspace\Pages\SettingsPage.razor,Modules,cda,cda-inline-option,5
C:\repositories\CanDoItAll\src\CanDoItAll.Modules.Prompts\Pages\PromptGalleryPage.razor,Modules,cda,cda-panel-card,5
C:\repositories\CanDoItAll\src\CanDoItAll.Web\Components\Layout\ReconnectModal.razor,WebApp,cda,cda-reconnect-copy,5
C:\repositories\CanDoItAll\src\CanDoItAll.Web\Components\Layout\MainLayout.razor,WebApp,cda,cda-shell-stat-card,5
C:\repositories\CanDoItAll\Tailwind\navigation\treeview.css,Tailwind,cda,cda-treeview--workbench,5
C:\repositories\CanDoItAll\src\CanDoItAll.Modules.Projects\Pages\Components\ProjectHierarchyModal.razor,Modules,cda,cda-eyebrow,4
C:\repositories\CanDoItAll\src\CanDoItAll.Modules.Prompts\Pages\PromptGalleryPage.razor,Modules,cda,cda-eyebrow,4
C:\repositories\CanDoItAll\src\CanDoItAll.Components\Components\AppShell.razor,LegacyComponents,cda,cda-eyebrow--tight,4
C:\repositories\CanDoItAll\Tailwind\navigation\tabs.css,Tailwind,cda,cda-inline-tab,4
C:\repositories\CanDoItAll\Tailwind\forms\fields.css,Tailwind,cda,cda-input,4
C:\repositories\CanDoItAll\src\CanDoItAll.Modules.Projects\Pages\Components\ProjectsBoard.razor,Modules,cda,cda-input,4
C:\repositories\CanDoItAll\src\CanDoItAll.Modules.Projects\Pages\Components\ProjectsBoard.razor,Modules,cda,cda-input--toolbar,4
C:\repositories\CanDoItAll\src\CanDoItAll.Components.BaseLib\Components\Cards\MetricCard.razor,BaseLib,cda,cda-metric-card,4
C:\repositories\CanDoItAll\Tailwind\forms\fields.css,Tailwind,cda,cda-prefixed-field--stack-mobile,4
C:\repositories\CanDoItAll\src\CanDoItAll.Components\Components\AppShell.razor,LegacyComponents,cda,cda-shell-mobile-card,4
C:\repositories\CanDoItAll\src\CanDoItAll.Components\Components\AppShell.razor,LegacyComponents,cda,cda-shell-mobile-card--inactive,4
C:\repositories\CanDoItAll\src\CanDoItAll.Modules.Workspace\Pages\Components\ProjectStructureAgentSettingsPanel.razor,Modules,cda,cda-admin-code-label,3
C:\repositories\CanDoItAll\src\CanDoItAll.Modules.Workspace\Pages\Components\ProjectStructureAgentSettingsPanel.razor,Modules,cda,cda-admin-kicker,3
C:\repositories\CanDoItAll\Tailwind\controls\buttons.css,Tailwind,cda,cda-button,3
C:\repositories\CanDoItAll\src\CanDoItAll.Components.BaseLib\Components\Buttons\Button.razor,BaseLib,cda,cda-button,3
C:\repositories\CanDoItAll\src\CanDoItAll.Modules.Projects\Pages\Components\ProjectsBoard.razor,Modules,cda,cda-button--quick,3
C:\repositories\CanDoItAll\Tailwind\controls\buttons.css,Tailwind,cda,cda-button--tone-base,3
C:\repositories\CanDoItAll\Tailwind\controls\buttons.css,Tailwind,cda,cda-button--tone-danger,3
C:\repositories\CanDoItAll\Tailwind\controls\buttons.css,Tailwind,cda,cda-button--tone-dark,3
C:\repositories\CanDoItAll\Tailwind\controls\buttons.css,Tailwind,cda,cda-button--tone-info,3
C:\repositories\CanDoItAll\Tailwind\controls\buttons.css,Tailwind,cda,cda-button--tone-light,3
C:\repositories\CanDoItAll\Tailwind\controls\buttons.css,Tailwind,cda,cda-button--tone-primary,3
C:\repositories\CanDoItAll\Tailwind\controls\buttons.css,Tailwind,cda,cda-button--tone-secondary,3
C:\repositories\CanDoItAll\Tailwind\controls\buttons.css,Tailwind,cda,cda-button--tone-success,3
C:\repositories\CanDoItAll\Tailwind\controls\buttons.css,Tailwind,cda,cda-button--tone-warning,3
C:\repositories\CanDoItAll\src\CanDoItAll.Modules.Workspace\Pages\Components\ProjectStructureAgentSettingsPanel.razor,Modules,cda,cda-code-input,3
C:\repositories\CanDoItAll\src\CanDoItAll.Modules.Validation\Pages\ValidationCenterPage.razor,Modules,cda,cda-eyebrow,3
C:\repositories\CanDoItAll\src\CanDoItAll.Modules.Projects\Pages\Components\ProjectModalHost.razor,Modules,cda,cda-eyebrow--tight,3
C:\repositories\CanDoItAll\Tailwind\forms\fields.css,Tailwind,cda,cda-form-field,3
C:\repositories\CanDoItAll\src\CanDoItAll.Components.BaseLib\Components\Forms\FormField.razor,BaseLib,cda,cda-form-field,3
C:\repositories\CanDoItAll\src\CanDoItAll.Components.BaseLib\Components\Layout\Grid.razor,BaseLib,cda,cda-grid-columns,3
C:\repositories\CanDoItAll\src\CanDoItAll.Modules.Projects\Pages\Components\ProjectModalHost.razor,Modules,cda,cda-input--textarea,3
C:\repositories\CanDoItAll\src\CanDoItAll.Modules.Workspace\Pages\SettingsPage.razor,Modules,cda,cda-input--textarea,3
C:\repositories\CanDoItAll\Tailwind\layout\stats.css,Tailwind,cda,cda-metric-card,3
C:\repositories\CanDoItAll\src\CanDoItAll.Modules.TestLab\Pages\TestLabPage.razor,Modules,cda,cda-panel-card,3
C:\repositories\CanDoItAll\src\CanDoItAll.Modules.Prompts\Pages\PromptGalleryPage.razor,Modules,cda,cda-panel-card--soft,3
C:\repositories\CanDoItAll\src\CanDoItAll.Components.BaseLib\Components\Forms\PrefixedField.razor,BaseLib,cda,cda-prefixed-field,3
C:\repositories\CanDoItAll\src\CanDoItAll.Components\Components\AppShell.razor,LegacyComponents,cda,cda-shell-card-dark,3
C:\repositories\CanDoItAll\src\CanDoItAll.Components.BaseLib\Components\Layout\Split.razor,BaseLib,cda,cda-split-gap,3
C:\repositories\CanDoItAll\src\CanDoItAll.Components.BaseLib\Components\Navigation\TreeView.razor,BaseLib,cda,cda-treeview,3
C:\repositories\CanDoItAll\src\CanDoItAll.Modules.Workspace\Pages\Components\ProjectStructureAgentSettingsPanel.razor,Modules,cda,cda-admin-copy,2
C:\repositories\CanDoItAll\src\CanDoItAll.Modules.Workspace\Pages\Components\ProjectStructureAgentSettingsPanel.razor,Modules,cda,cda-admin-empty,2
C:\repositories\CanDoItAll\src\CanDoItAll.Modules.Workspace\Pages\Components\ProjectStructureAgentSettingsPanel.razor,Modules,cda,cda-admin-panel,2
C:\repositories\CanDoItAll\src\CanDoItAll.Modules.Workspace\Pages\Components\ProjectStructureAgentSettingsPanel.razor,Modules,cda,cda-admin-subpanel,2
C:\repositories\CanDoItAll\src\CanDoItAll.Components\Components\Button.razor,LegacyComponents,cda,cda-button,2
C:\repositories\CanDoItAll\src\CanDoItAll.Components.BaseLib\Components\Layout\Cluster.razor,BaseLib,cda,cda-cluster-align,2
C:\repositories\CanDoItAll\src\CanDoItAll.Components.BaseLib\Components\Layout\Cluster.razor,BaseLib,cda,cda-cluster-gap,2
C:\repositories\CanDoItAll\src\CanDoItAll.Components.BaseLib\Components\Layout\Cluster.razor,BaseLib,cda,cda-cluster-justify,2
C:\repositories\CanDoItAll\src\CanDoItAll.Components.BaseLib\Components\Typography\TextBlock.razor,BaseLib,cda,cda-eyebrow,2
C:\repositories\CanDoItAll\src\CanDoItAll.Modules.Activity\Pages\ActivityPage.razor,Modules,cda,cda-eyebrow,2
C:\repositories\CanDoItAll\src\CanDoItAll.Modules.Resources\Pages\ResourcesPage.razor,Modules,cda,cda-eyebrow,2
C:\repositories\CanDoItAll\src\CanDoItAll.Modules.Workspace\Pages\SettingsPage.razor,Modules,cda,cda-eyebrow,2
C:\repositories\CanDoItAll\src\CanDoItAll.Components.BaseLib\Components\Typography\TextBlock.razor,BaseLib,cda,cda-eyebrow--tight,2
C:\repositories\CanDoItAll\src\CanDoItAll.Modules.Projects\Pages\Components\ProjectHierarchyModal.razor,Modules,cda,cda-eyebrow--tight,2
C:\repositories\CanDoItAll\src\CanDoItAll.Modules.Validation\Pages\ValidationCenterPage.razor,Modules,cda,cda-eyebrow--tight,2
C:\repositories\CanDoItAll\src\CanDoItAll.Components.BaseLib\Components\Layout\Grid.razor,BaseLib,cda,cda-grid-column-gap,2
C:\repositories\CanDoItAll\src\CanDoItAll.Components.BaseLib\Components\Layout\Grid.razor,BaseLib,cda,cda-grid-columns-2xl,2
C:\repositories\CanDoItAll\src\CanDoItAll.Components.BaseLib\Components\Layout\Grid.razor,BaseLib,cda,cda-grid-columns-lg,2
C:\repositories\CanDoItAll\src\CanDoItAll.Components.BaseLib\Components\Layout\Grid.razor,BaseLib,cda,cda-grid-columns-md,2
C:\repositories\CanDoItAll\src\CanDoItAll.Components.BaseLib\Components\Layout\Grid.razor,BaseLib,cda,cda-grid-columns-sm,2
C:\repositories\CanDoItAll\src\CanDoItAll.Components.BaseLib\Components\Layout\Grid.razor,BaseLib,cda,cda-grid-columns-xl,2
C:\repositories\CanDoItAll\src\CanDoItAll.Components.BaseLib\Components\Layout\Grid.razor,BaseLib,cda,cda-grid-gap,2
C:\repositories\CanDoItAll\src\CanDoItAll.Components.BaseLib\Components\Layout\Grid.razor,BaseLib,cda,cda-grid-row-gap,2
C:\repositories\CanDoItAll\src\CanDoItAll.Components.BaseLib\Components\Layout\Grid.razor,BaseLib,cda,cda-grid-rows,2
C:\repositories\CanDoItAll\src\CanDoItAll.Components.BaseLib\Components\Layout\Grid.razor,BaseLib,cda,cda-grid-rows-2xl,2
C:\repositories\CanDoItAll\src\CanDoItAll.Components.BaseLib\Components\Layout\Grid.razor,BaseLib,cda,cda-grid-rows-lg,2
C:\repositories\CanDoItAll\src\CanDoItAll.Components.BaseLib\Components\Layout\Grid.razor,BaseLib,cda,cda-grid-rows-md,2
C:\repositories\CanDoItAll\src\CanDoItAll.Components.BaseLib\Components\Layout\Grid.razor,BaseLib,cda,cda-grid-rows-sm,2
C:\repositories\CanDoItAll\src\CanDoItAll.Components.BaseLib\Components\Layout\Grid.razor,BaseLib,cda,cda-grid-rows-xl,2
C:\repositories\CanDoItAll\src\CanDoItAll.Modules.Resources\Pages\ResourcesPage.razor,Modules,cda,cda-inline-option,2
C:\repositories\CanDoItAll\src\CanDoItAll.Modules.Workspace\Pages\Components\ProjectStructureAgentSettingsPanel.razor,Modules,cda,cda-inline-option--muted,2
C:\repositories\CanDoItAll\src\CanDoItAll.Modules.Automation\Pages\AutomationPage.razor,Modules,cda,cda-input,2
C:\repositories\CanDoItAll\src\CanDoItAll.Modules.Workspace\Pages\Components\ProjectStructureAgentSettingsPanel.razor,Modules,cda,cda-input--textarea,2
C:\repositories\CanDoItAll\Tailwind\forms\fields.css,Tailwind,cda,cda-prefixed-field-suffix-pad,2
C:\repositories\CanDoItAll\src\CanDoItAll.Web\Components\Layout\ReconnectModal.razor,WebApp,cda,cda-reconnect-action,2
C:\repositories\CanDoItAll\src\CanDoItAll.Components\Components\AppShell.razor,LegacyComponents,cda,cda-shell-mobile-card--active,2
C:\repositories\CanDoItAll\src\CanDoItAll.Web\Components\Layout\MainLayout.razor,WebApp,cda,cda-shell-pill,2
C:\repositories\CanDoItAll\Tailwind\layout\stats.css,Tailwind,cda,cda-stat-pill,2
C:\repositories\CanDoItAll\src\CanDoItAll.Components.BaseLib\Components\Badges\Pill.razor,BaseLib,cda,cda-stat-pill--neutral,2
C:\repositories\CanDoItAll\src\CanDoItAll.Components.BaseLib\Components\Badges\Pill.razor,BaseLib,cda,cda-stat-pill--plain,2
C:\repositories\CanDoItAll\src\CanDoItAll.Components\Components\AppTabStrip.razor,LegacyComponents,cda,cda-tab-summary-action,2
C:\repositories\CanDoItAll\src\CanDoItAll.Components\Components\AppTabStrip.razor,LegacyComponents,cda,cda-tab-summary-chip,2
C:\repositories\CanDoItAll\Tailwind\surfaces\cards.css,Tailwind,cda,cda-action-card,1
C:\repositories\CanDoItAll\Tailwind\surfaces\admin.css,Tailwind,cda,cda-admin-code-label,1
C:\repositories\CanDoItAll\Tailwind\surfaces\admin.css,Tailwind,cda,cda-admin-copy,1
C:\repositories\CanDoItAll\Tailwind\surfaces\admin.css,Tailwind,cda,cda-admin-empty,1
C:\repositories\CanDoItAll\Tailwind\surfaces\admin.css,Tailwind,cda,cda-admin-heading,1
C:\repositories\CanDoItAll\src\CanDoItAll.Modules.Workspace\Pages\Components\ProjectStructureAgentSettingsPanel.razor,Modules,cda,cda-admin-heading,1
C:\repositories\CanDoItAll\Tailwind\surfaces\admin.css,Tailwind,cda,cda-admin-kicker,1
C:\repositories\CanDoItAll\Tailwind\surfaces\admin.css,Tailwind,cda,cda-admin-knowledge-card,1
C:\repositories\CanDoItAll\src\CanDoItAll.Modules.Workspace\Pages\Components\ProjectStructureAgentSettingsPanel.razor,Modules,cda,cda-admin-knowledge-card,1
C:\repositories\CanDoItAll\Tailwind\surfaces\admin.css,Tailwind,cda,cda-admin-note,1
C:\repositories\CanDoItAll\src\CanDoItAll.Modules.Workspace\Pages\Components\ProjectStructureAgentSettingsPanel.razor,Modules,cda,cda-admin-note,1
C:\repositories\CanDoItAll\Tailwind\surfaces\admin.css,Tailwind,cda,cda-admin-panel,1
C:\repositories\CanDoItAll\Tailwind\surfaces\admin.css,Tailwind,cda,cda-admin-subpanel,1
C:\repositories\CanDoItAll\Tailwind\surfaces\admin.css,Tailwind,cda,cda-admin-title,1
C:\repositories\CanDoItAll\src\CanDoItAll.Modules.Workspace\Pages\Components\ProjectStructureAgentSettingsPanel.razor,Modules,cda,cda-admin-title,1
C:\repositories\CanDoItAll\Tailwind\surfaces\cards.css,Tailwind,cda,cda-board-card,1
C:\repositories\CanDoItAll\src\CanDoItAll.Modules.Projects\Pages\Components\ProjectsPresentation.cs,Modules,cda,cda-board-card,1
C:\repositories\CanDoItAll\Tailwind\typography\text.css,Tailwind,cda,cda-body-muted,1
C:\repositories\CanDoItAll\src\CanDoItAll.Components.BaseLib\Components\Buttons\Button.razor,BaseLib,cda,cda-button--filled,1
C:\repositories\CanDoItAll\src\CanDoItAll.Components\Components\Button.razor,LegacyComponents,cda,cda-button--filled,1
C:\repositories\CanDoItAll\src\CanDoItAll.Components.BaseLib\Components\Buttons\Button.razor,BaseLib,cda,cda-button--outlined,1
C:\repositories\CanDoItAll\src\CanDoItAll.Components\Components\Button.razor,LegacyComponents,cda,cda-button--outlined,1
C:\repositories\CanDoItAll\Tailwind\controls\buttons.css,Tailwind,cda,cda-button--quick,1
C:\repositories\CanDoItAll\Tailwind\controls\buttons.css,Tailwind,cda,cda-button--size-lg,1
C:\repositories\CanDoItAll\src\CanDoItAll.Components.BaseLib\Components\Buttons\Button.razor,BaseLib,cda,cda-button--size-lg,1
C:\repositories\CanDoItAll\src\CanDoItAll.Components\Components\Button.razor,LegacyComponents,cda,cda-button--size-lg,1
C:\repositories\CanDoItAll\Tailwind\controls\buttons.css,Tailwind,cda,cda-button--size-md,1
C:\repositories\CanDoItAll\src\CanDoItAll.Components.BaseLib\Components\Buttons\Button.razor,BaseLib,cda,cda-button--size-md,1
C:\repositories\CanDoItAll\src\CanDoItAll.Components\Components\Button.razor,LegacyComponents,cda,cda-button--size-md,1
C:\repositories\CanDoItAll\Tailwind\controls\buttons.css,Tailwind,cda,cda-button--size-sm,1
C:\repositories\CanDoItAll\src\CanDoItAll.Components.BaseLib\Components\Buttons\Button.razor,BaseLib,cda,cda-button--size-sm,1
C:\repositories\CanDoItAll\src\CanDoItAll.Components\Components\Button.razor,LegacyComponents,cda,cda-button--size-sm,1
C:\repositories\CanDoItAll\src\CanDoItAll.Components.BaseLib\Components\Buttons\Button.razor,BaseLib,cda,cda-button--text,1
C:\repositories\CanDoItAll\src\CanDoItAll.Components\Components\Button.razor,LegacyComponents,cda,cda-button--text,1
C:\repositories\CanDoItAll\src\CanDoItAll.Components.BaseLib\Components\Buttons\Button.razor,BaseLib,cda,cda-button--tone-base,1
C:\repositories\CanDoItAll\src\CanDoItAll.Components\Components\Button.razor,LegacyComponents,cda,cda-button--tone-base,1
C:\repositories\CanDoItAll\src\CanDoItAll.Components.BaseLib\Components\Buttons\Button.razor,BaseLib,cda,cda-button--tone-danger,1
C:\repositories\CanDoItAll\src\CanDoItAll.Components\Components\Button.razor,LegacyComponents,cda,cda-button--tone-danger,1
C:\repositories\CanDoItAll\src\CanDoItAll.Components.BaseLib\Components\Buttons\Button.razor,BaseLib,cda,cda-button--tone-dark,1
C:\repositories\CanDoItAll\src\CanDoItAll.Components\Components\Button.razor,LegacyComponents,cda,cda-button--tone-dark,1
C:\repositories\CanDoItAll\src\CanDoItAll.Components.BaseLib\Components\Buttons\Button.razor,BaseLib,cda,cda-button--tone-info,1
C:\repositories\CanDoItAll\src\CanDoItAll.Components\Components\Button.razor,LegacyComponents,cda,cda-button--tone-info,1
C:\repositories\CanDoItAll\src\CanDoItAll.Components.BaseLib\Components\Buttons\Button.razor,BaseLib,cda,cda-button--tone-light,1
C:\repositories\CanDoItAll\src\CanDoItAll.Components\Components\Button.razor,LegacyComponents,cda,cda-button--tone-light,1
C:\repositories\CanDoItAll\src\CanDoItAll.Components.BaseLib\Components\Buttons\Button.razor,BaseLib,cda,cda-button--tone-primary,1
C:\repositories\CanDoItAll\src\CanDoItAll.Components\Components\Button.razor,LegacyComponents,cda,cda-button--tone-primary,1
C:\repositories\CanDoItAll\src\CanDoItAll.Components.BaseLib\Components\Buttons\Button.razor,BaseLib,cda,cda-button--tone-secondary,1
C:\repositories\CanDoItAll\src\CanDoItAll.Components\Components\Button.razor,LegacyComponents,cda,cda-button--tone-secondary,1
C:\repositories\CanDoItAll\src\CanDoItAll.Components.BaseLib\Components\Buttons\Button.razor,BaseLib,cda,cda-button--tone-success,1
C:\repositories\CanDoItAll\src\CanDoItAll.Components\Components\Button.razor,LegacyComponents,cda,cda-button--tone-success,1
C:\repositories\CanDoItAll\src\CanDoItAll.Components.BaseLib\Components\Buttons\Button.razor,BaseLib,cda,cda-button--tone-warning,1
C:\repositories\CanDoItAll\src\CanDoItAll.Components\Components\Button.razor,LegacyComponents,cda,cda-button--tone-warning,1
C:\repositories\CanDoItAll\Tailwind\surfaces\cards.css,Tailwind,cda,cda-card,1
C:\repositories\CanDoItAll\src\CanDoItAll.Components.BaseLib\Components\Cards\Card.razor,BaseLib,cda,cda-card,1
C:\repositories\CanDoItAll\Tailwind\forms\fields.css,Tailwind,cda,cda-code-input,1
C:\repositories\CanDoItAll\Tailwind\typography\text.css,Tailwind,cda,cda-copy-strong,1
C:\repositories\CanDoItAll\Tailwind\typography\text.css,Tailwind,cda,cda-eyebrow,1
C:\repositories\CanDoItAll\src\CanDoItAll.Components.BaseLib\Components\Cards\SummaryTile.razor,BaseLib,cda,cda-eyebrow,1
C:\repositories\CanDoItAll\src\CanDoItAll.Components.BaseLib\Components\Layout\StickyActionFooter.razor,BaseLib,cda,cda-eyebrow,1
C:\repositories\CanDoItAll\src\CanDoItAll.Components.BaseLib\Components\Modals\Dialog.razor,BaseLib,cda,cda-eyebrow,1
C:\repositories\CanDoItAll\src\CanDoItAll.Components.BaseLib\Components\Navigation\Steps.razor,BaseLib,cda,cda-eyebrow,1
C:\repositories\CanDoItAll\src\CanDoItAll.Modules.Projects\Pages\Components\ProjectsBoard.razor,Modules,cda,cda-eyebrow,1
C:\repositories\CanDoItAll\src\CanDoItAll.Modules.TestLab\Pages\TestLabPage.razor,Modules,cda,cda-eyebrow,1
C:\repositories\CanDoItAll\Tailwind\typography\text.css,Tailwind,cda,cda-eyebrow--tight,1
C:\repositories\CanDoItAll\src\CanDoItAll.Components.BaseLib\Components\Layout\StickyActionFooter.razor,BaseLib,cda,cda-eyebrow--tight,1
C:\repositories\CanDoItAll\src\CanDoItAll.Modules.Projects\Pages\Components\ProjectsBoard.razor,Modules,cda,cda-eyebrow--tight,1
C:\repositories\CanDoItAll\src\CanDoItAll.Modules.Resources\Pages\ResourcesPage.razor,Modules,cda,cda-eyebrow--tight,1
C:\repositories\CanDoItAll\Tailwind\forms\fields.css,Tailwind,cda,cda-field-label,1
C:\repositories\CanDoItAll\src\CanDoItAll.Web\Components\Layout\MainLayout.razor,WebApp,cda,cda-field-label,1
C:\repositories\CanDoItAll\Tailwind\forms\fields.css,Tailwind,cda,cda-inline-option,1
C:\repositories\CanDoItAll\Tailwind\forms\fields.css,Tailwind,cda,cda-inline-option--muted,1
C:\repositories\CanDoItAll\Tailwind\navigation\tabs.css,Tailwind,cda,cda-inline-tab--active,1
C:\repositories\CanDoItAll\src\CanDoItAll.Components\Components\AppTabStrip.razor,LegacyComponents,cda,cda-inline-tab--active,1
C:\repositories\CanDoItAll\Tailwind\navigation\tabs.css,Tailwind,cda,cda-inline-tab--inactive,1
C:\repositories\CanDoItAll\src\CanDoItAll.Components\Components\AppTabStrip.razor,LegacyComponents,cda,cda-inline-tab--inactive,1
C:\repositories\CanDoItAll\src\CanDoItAll.Modules.Activity\Pages\ActivityPage.razor,Modules,cda,cda-input,1
C:\repositories\CanDoItAll\src\CanDoItAll.Web\Components\Layout\MainLayout.razor,WebApp,cda,cda-input,1
C:\repositories\CanDoItAll\Tailwind\forms\fields.css,Tailwind,cda,cda-input--mono,1
C:\repositories\CanDoItAll\src\CanDoItAll.Modules.Prompts\Pages\PromptGalleryPage.razor,Modules,cda,cda-input--mono,1
C:\repositories\CanDoItAll\src\CanDoItAll.Modules.Validation\Pages\ValidationCenterPage.razor,Modules,cda,cda-input--mono,1
C:\repositories\CanDoItAll\Tailwind\forms\fields.css,Tailwind,cda,cda-input--textarea,1
C:\repositories\CanDoItAll\src\CanDoItAll.Modules.Prompts\Pages\PromptGalleryPage.razor,Modules,cda,cda-input--textarea,1
C:\repositories\CanDoItAll\src\CanDoItAll.Modules.Resources\Pages\ResourcesPage.razor,Modules,cda,cda-input--textarea,1
C:\repositories\CanDoItAll\src\CanDoItAll.Modules.TestLab\Pages\TestLabPage.razor,Modules,cda,cda-input--textarea,1
C:\repositories\CanDoItAll\src\CanDoItAll.Modules.Validation\Pages\ValidationCenterPage.razor,Modules,cda,cda-input--textarea,1
C:\repositories\CanDoItAll\src\CanDoItAll.Web\Components\Layout\MainLayout.razor,WebApp,cda,cda-input--textarea,1
C:\repositories\CanDoItAll\Tailwind\forms\fields.css,Tailwind,cda,cda-input--toolbar,1
C:\repositories\CanDoItAll\Tailwind\surfaces\cards.css,Tailwind,cda,cda-modal-shell,1
C:\repositories\CanDoItAll\Tailwind\navigation\page-header.css,Tailwind,cda,cda-page-header--compact,1
C:\repositories\CanDoItAll\src\CanDoItAll.Components.BaseLib\Components\Navigation\PageHeader.razor,BaseLib,cda,cda-page-header--compact,1
C:\repositories\CanDoItAll\Tailwind\surfaces\cards.css,Tailwind,cda,cda-panel-card,1
C:\repositories\CanDoItAll\src\CanDoItAll.Components.BaseLib\Components\Cards\PanelCard.razor,BaseLib,cda,cda-panel-card,1
C:\repositories\CanDoItAll\src\CanDoItAll.Modules.Projects\Pages\Components\ProjectModalHost.razor,Modules,cda,cda-panel-card,1
C:\repositories\CanDoItAll\src\CanDoItAll.Modules.Validation\Pages\ValidationCenterPage.razor,Modules,cda,cda-panel-card,1
C:\repositories\CanDoItAll\src\CanDoItAll.Web\Components\Pages\Home.razor,WebApp,cda,cda-panel-card,1
C:\repositories\CanDoItAll\Tailwind\surfaces\cards.css,Tailwind,cda,cda-panel-card--soft,1
C:\repositories\CanDoItAll\src\CanDoItAll.Components.BaseLib\Components\Cards\PanelCard.razor,BaseLib,cda,cda-panel-card--soft,1
C:\repositories\CanDoItAll\src\CanDoItAll.Modules.Activity\Pages\ActivityPage.razor,Modules,cda,cda-panel-card--soft,1
C:\repositories\CanDoItAll\src\CanDoItAll.Modules.Automation\Pages\AutomationPage.razor,Modules,cda,cda-panel-card--soft,1
C:\repositories\CanDoItAll\src\CanDoItAll.Components.BaseLib\Components\Forms\PrefixedField.razor,BaseLib,cda,cda-prefixed-field--stack-mobile,1
C:\repositories\CanDoItAll\Tailwind\forms\fields.css,Tailwind,cda,cda-prefixed-field-prefix-pad,1
C:\repositories\CanDoItAll\src\CanDoItAll.Components.BaseLib\Components\Forms\PrefixedField.razor,BaseLib,cda,cda-prefixed-field-prefix-pad,1
C:\repositories\CanDoItAll\src\CanDoItAll.Components.BaseLib\Components\Forms\PrefixedField.razor,BaseLib,cda,cda-prefixed-field-suffix-pad,1
C:\repositories\CanDoItAll\Tailwind\surfaces\overlays.css,Tailwind,cda,cda-reconnect-action,1
C:\repositories\CanDoItAll\Tailwind\surfaces\overlays.css,Tailwind,cda,cda-reconnect-copy,1
C:\repositories\CanDoItAll\Tailwind\surfaces\overlays.css,Tailwind,cda,cda-reconnect-dialog,1
C:\repositories\CanDoItAll\src\CanDoItAll.Web\Components\Layout\ReconnectModal.razor,WebApp,cda,cda-reconnect-dialog,1
C:\repositories\CanDoItAll\Tailwind\surfaces\overlays.css,Tailwind,cda,cda-reconnect-spinner,1
C:\repositories\CanDoItAll\src\CanDoItAll.Web\Components\Layout\ReconnectModal.razor,WebApp,cda,cda-reconnect-spinner,1
C:\repositories\CanDoItAll\Tailwind\surfaces\overlays.css,Tailwind,cda,cda-reconnect-stack,1
C:\repositories\CanDoItAll\src\CanDoItAll.Web\Components\Layout\ReconnectModal.razor,WebApp,cda,cda-reconnect-stack,1
C:\repositories\CanDoItAll\Tailwind\navigation\workbench-shell.css,Tailwind,cda,cda-shell-attachment,1
C:\repositories\CanDoItAll\src\CanDoItAll.Web\Components\Layout\MainLayout.razor,WebApp,cda,cda-shell-attachment,1
C:\repositories\CanDoItAll\Tailwind\navigation\workbench-shell.css,Tailwind,cda,cda-shell-body-surface,1
C:\repositories\CanDoItAll\src\CanDoItAll.Components\Components\AppShell.razor,LegacyComponents,cda,cda-shell-body-surface,1
C:\repositories\CanDoItAll\Tailwind\navigation\workbench-shell.css,Tailwind,cda,cda-shell-card-dark,1
C:\repositories\CanDoItAll\Tailwind\navigation\workbench-shell.css,Tailwind,cda,cda-shell-card-info,1
C:\repositories\CanDoItAll\src\CanDoItAll.Components\Components\AppShell.razor,LegacyComponents,cda,cda-shell-card-info,1
C:\repositories\CanDoItAll\Tailwind\navigation\workbench-shell.css,Tailwind,cda,cda-shell-frame,1
C:\repositories\CanDoItAll\src\CanDoItAll.Components\Components\AppShell.razor,LegacyComponents,cda,cda-shell-frame,1
C:\repositories\CanDoItAll\Tailwind\navigation\workbench-shell.css,Tailwind,cda,cda-shell-mobile-card,1
C:\repositories\CanDoItAll\Tailwind\navigation\workbench-shell.css,Tailwind,cda,cda-shell-mobile-card--active,1
C:\repositories\CanDoItAll\Tailwind\navigation\workbench-shell.css,Tailwind,cda,cda-shell-mobile-card--inactive,1
C:\repositories\CanDoItAll\Tailwind\navigation\workbench-shell.css,Tailwind,cda,cda-shell-mobile-panel,1
C:\repositories\CanDoItAll\src\CanDoItAll.Components\Components\AppShell.razor,LegacyComponents,cda,cda-shell-mobile-panel,1
C:\repositories\CanDoItAll\Tailwind\navigation\workbench-shell.css,Tailwind,cda,cda-shell-nav-button,1
C:\repositories\CanDoItAll\src\CanDoItAll.Components\Components\AppShell.razor,LegacyComponents,cda,cda-shell-nav-button,1
C:\repositories\CanDoItAll\Tailwind\navigation\workbench-shell.css,Tailwind,cda,cda-shell-nav-button--active,1
C:\repositories\CanDoItAll\src\CanDoItAll.Components\Components\AppShell.razor,LegacyComponents,cda,cda-shell-nav-button--active,1
C:\repositories\CanDoItAll\Tailwind\navigation\workbench-shell.css,Tailwind,cda,cda-shell-nav-button--inactive,1
C:\repositories\CanDoItAll\src\CanDoItAll.Components\Components\AppShell.razor,LegacyComponents,cda,cda-shell-nav-button--inactive,1
C:\repositories\CanDoItAll\Tailwind\navigation\workbench-shell.css,Tailwind,cda,cda-shell-nav-icon,1
C:\repositories\CanDoItAll\src\CanDoItAll.Components\Components\AppShell.razor,LegacyComponents,cda,cda-shell-nav-icon,1
C:\repositories\CanDoItAll\Tailwind\navigation\workbench-shell.css,Tailwind,cda,cda-shell-pick-button,1
C:\repositories\CanDoItAll\src\CanDoItAll.Components\Components\AppShell.razor,LegacyComponents,cda,cda-shell-pick-button,1
C:\repositories\CanDoItAll\Tailwind\navigation\workbench-shell.css,Tailwind,cda,cda-shell-pick-button--active,1
C:\repositories\CanDoItAll\src\CanDoItAll.Components\Components\AppShell.razor,LegacyComponents,cda,cda-shell-pick-button--active,1
C:\repositories\CanDoItAll\Tailwind\navigation\workbench-shell.css,Tailwind,cda,cda-shell-pick-button--inactive,1
C:\repositories\CanDoItAll\src\CanDoItAll.Components\Components\AppShell.razor,LegacyComponents,cda,cda-shell-pick-button--inactive,1
C:\repositories\CanDoItAll\Tailwind\navigation\workbench-shell.css,Tailwind,cda,cda-shell-pill,1
C:\repositories\CanDoItAll\src\CanDoItAll.Modules.Activity\Pages\ActivityPage.razor,Modules,cda,cda-shell-pill,1
C:\repositories\CanDoItAll\Tailwind\navigation\workbench-shell.css,Tailwind,cda,cda-shell-pill--info,1
C:\repositories\CanDoItAll\src\CanDoItAll.Web\Components\Layout\MainLayout.razor,WebApp,cda,cda-shell-pill--info,1
C:\repositories\CanDoItAll\Tailwind\navigation\workbench-shell.css,Tailwind,cda,cda-shell-pill--neutral,1
C:\repositories\CanDoItAll\src\CanDoItAll.Modules.Activity\Pages\ActivityPage.razor,Modules,cda,cda-shell-pill--neutral,1
C:\repositories\CanDoItAll\src\CanDoItAll.Web\Components\Layout\MainLayout.razor,WebApp,cda,cda-shell-pill--neutral,1
C:\repositories\CanDoItAll\Tailwind\navigation\workbench-shell.css,Tailwind,cda,cda-shell-rail,1
C:\repositories\CanDoItAll\src\CanDoItAll.Components\Components\AppShell.razor,LegacyComponents,cda,cda-shell-rail,1
C:\repositories\CanDoItAll\Tailwind\navigation\workbench-shell.css,Tailwind,cda,cda-shell-rail-collapse,1
C:\repositories\CanDoItAll\src\CanDoItAll.Components\Components\AppShell.razor,LegacyComponents,cda,cda-shell-rail-collapse,1
C:\repositories\CanDoItAll\Tailwind\navigation\workbench-shell.css,Tailwind,cda,cda-shell-root,1
C:\repositories\CanDoItAll\src\CanDoItAll.Components\Components\AppShell.razor,LegacyComponents,cda,cda-shell-root,1
C:\repositories\CanDoItAll\Tailwind\navigation\workbench-shell.css,Tailwind,cda,cda-shell-sidebar,1
C:\repositories\CanDoItAll\src\CanDoItAll.Components\Components\AppShell.razor,LegacyComponents,cda,cda-shell-sidebar,1
C:\repositories\CanDoItAll\Tailwind\navigation\workbench-shell.css,Tailwind,cda,cda-shell-sidebar--focus,1
C:\repositories\CanDoItAll\src\CanDoItAll.Components\Components\AppShell.razor,LegacyComponents,cda,cda-shell-sidebar--focus,1
C:\repositories\CanDoItAll\Tailwind\navigation\workbench-shell.css,Tailwind,cda,cda-shell-sidebar--standard,1
C:\repositories\CanDoItAll\src\CanDoItAll.Components\Components\AppShell.razor,LegacyComponents,cda,cda-shell-sidebar--standard,1
C:\repositories\CanDoItAll\Tailwind\navigation\workbench-shell.css,Tailwind,cda,cda-shell-stat-card,1
C:\repositories\CanDoItAll\Tailwind\navigation\workbench-shell.css,Tailwind,cda,cda-shell-topbar,1
C:\repositories\CanDoItAll\src\CanDoItAll.Components\Components\AppShell.razor,LegacyComponents,cda,cda-shell-topbar,1
C:\repositories\CanDoItAll\Tailwind\navigation\workbench-shell.css,Tailwind,cda,cda-shell-upload,1
C:\repositories\CanDoItAll\src\CanDoItAll.Web\Components\Layout\MainLayout.razor,WebApp,cda,cda-shell-upload,1
C:\repositories\CanDoItAll\Tailwind\layout\stats.css,Tailwind,cda,cda-stat-pill--info,1
C:\repositories\CanDoItAll\src\CanDoItAll.Components.BaseLib\Components\Badges\Pill.razor,BaseLib,cda,cda-stat-pill--info,1
C:\repositories\CanDoItAll\Tailwind\layout\stats.css,Tailwind,cda,cda-stat-pill--neutral,1
C:\repositories\CanDoItAll\Tailwind\layout\stats.css,Tailwind,cda,cda-stat-pill--plain,1
C:\repositories\CanDoItAll\Tailwind\layout\stats.css,Tailwind,cda,cda-stat-pill--success,1
C:\repositories\CanDoItAll\src\CanDoItAll.Components.BaseLib\Components\Badges\Pill.razor,BaseLib,cda,cda-stat-pill--success,1
C:\repositories\CanDoItAll\Tailwind\layout\stats.css,Tailwind,cda,cda-stat-pill--warning,1
C:\repositories\CanDoItAll\src\CanDoItAll.Components.BaseLib\Components\Badges\Pill.razor,BaseLib,cda,cda-stat-pill--warning,1
C:\repositories\CanDoItAll\Tailwind\layout\stats.css,Tailwind,cda,cda-stat-pill-row,1
C:\repositories\CanDoItAll\Tailwind\surfaces\cards.css,Tailwind,cda,cda-surface-card,1
C:\repositories\CanDoItAll\src\CanDoItAll.Components.BaseLib\Components\Cards\SurfaceCard.razor,BaseLib,cda,cda-surface-card,1
C:\repositories\CanDoItAll\Tailwind\surfaces\cards.css,Tailwind,cda,cda-surface-card--soft,1
C:\repositories\CanDoItAll\src\CanDoItAll.Components.BaseLib\Components\Cards\SurfaceCard.razor,BaseLib,cda,cda-surface-card--soft,1
C:\repositories\CanDoItAll\Tailwind\navigation\tabs.css,Tailwind,cda,cda-tab-search,1
C:\repositories\CanDoItAll\src\CanDoItAll.Components\Components\AppTabStrip.razor,LegacyComponents,cda,cda-tab-search,1
C:\repositories\CanDoItAll\Tailwind\navigation\tabs.css,Tailwind,cda,cda-tab-strip,1
C:\repositories\CanDoItAll\src\CanDoItAll.Components\Components\AppTabStrip.razor,LegacyComponents,cda,cda-tab-strip,1
C:\repositories\CanDoItAll\Tailwind\navigation\tabs.css,Tailwind,cda,cda-tab-strip--standard,1
C:\repositories\CanDoItAll\src\CanDoItAll.Components\Components\AppTabStrip.razor,LegacyComponents,cda,cda-tab-strip--standard,1
C:\repositories\CanDoItAll\Tailwind\navigation\tabs.css,Tailwind,cda,cda-tab-summary,1
C:\repositories\CanDoItAll\src\CanDoItAll.Components\Components\AppTabStrip.razor,LegacyComponents,cda,cda-tab-summary,1
C:\repositories\CanDoItAll\Tailwind\navigation\tabs.css,Tailwind,cda,cda-tab-summary-action,1
C:\repositories\CanDoItAll\Tailwind\navigation\tabs.css,Tailwind,cda,cda-tab-summary-chip,1
C:\repositories\CanDoItAll\Tailwind\navigation\tabs.css,Tailwind,cda,cda-tab-summary-chip--info,1
C:\repositories\CanDoItAll\src\CanDoItAll.Components\Components\AppTabStrip.razor,LegacyComponents,cda,cda-tab-summary-chip--info,1
C:\repositories\CanDoItAll\Tailwind\typography\text.css,Tailwind,cda,cda-title-display,1
C:\repositories\CanDoItAll\Tailwind\typography\text.css,Tailwind,cda,cda-title-lg,1
C:\repositories\CanDoItAll\Tailwind\typography\text.css,Tailwind,cda,cda-title-xl,1
C:\repositories\CanDoItAll\Tailwind\layout\stacks.css,Tailwind,cda,cda-toolbar-row,1
C:\repositories\CanDoItAll\src\CanDoItAll.Components.BaseLib\Components\Navigation\TreeView.razor,BaseLib,cda,cda-treeview--workbench,1
C:\repositories\CanDoItAll\Tailwind\navigation\treeview.css,Tailwind,cda,cda-treeview-level,1
C:\repositories\CanDoItAll\src\CanDoItAll.Components.BaseLib\Components\Navigation\TreeViewNodeRow.razor,BaseLib,cda,cda-treeview-level,1
C:\repositories\CanDoItAll\Tailwind\forms\tag-editor.css,Tailwind,zy,zy-tag-textedit,38
C:\repositories\CanDoItAll\src\CanDoItAll.Components.BaseLib\Components\Navigation\Tabs.razor.css,BaseLib,zy,zy-tabs,34
C:\repositories\CanDoItAll\src\CanDoItAll.Components.CanvasLib\wwwroot\js\calendar\controller\02-controller-and-dom.js,CanvasLib,zy,zy-calendar-button,20
C:\repositories\CanDoItAll\src\CanDoItAll.Components.CanvasLib\wwwroot\js\calendar\controller\02-controller-and-dom.js,CanvasLib,zy,zy-calendar-editor-field,20
C:\repositories\CanDoItAll\src\CanDoItAll.Components.CanvasLib\wwwroot\js\calendar\controller\02-controller-and-dom.js,CanvasLib,zy,zy-calendar-editor-label,20
C:\repositories\CanDoItAll\src\CanDoItAll.Components.CanvasLib\wwwroot\js\calendar\controller\02-controller-and-dom.js,CanvasLib,zy,zy-calendar-editor-input,15
C:\repositories\CanDoItAll\src\CanDoItAll.Components.BaseLib\Components\Navigation\Tabs.razor,BaseLib,zy,zy-tabs,12
C:\repositories\CanDoItAll\src\CanDoItAll.Components.CanvasLib\wwwroot\js\calendar\core\01-foundation.js,CanvasLib,zy,zy-cal-border,11
C:\repositories\CanDoItAll\src\CanDoItAll.Components.CanvasLib\wwwroot\js\calendar\core\01-foundation.js,CanvasLib,zy,zy-cal-muted,11
C:\repositories\CanDoItAll\src\CanDoItAll.Components.BaseLib\Components\Navigation\Tabs.razor.css,BaseLib,zy,zy-tabs--vertical,11
C:\repositories\CanDoItAll\src\CanDoItAll.Components.CanvasLib\wwwroot\js\calendar\core\01-foundation.js,CanvasLib,zy,zy-calendar-toolbar,10
C:\repositories\CanDoItAll\src\CanDoItAll.Components.BaseLib\Components\Forms\TagEditor.razor,BaseLib,zy,zy-tag-textedit,10
C:\repositories\CanDoItAll\src\CanDoItAll.Components.CanvasLib\wwwroot\js\calendar\core\01-foundation.js,CanvasLib,zy,zy-cal-text,9
C:\repositories\CanDoItAll\src\CanDoItAll.Components.CanvasLib\wwwroot\js\calendar\core\01-foundation.js,CanvasLib,zy,zy-calendar-host-workspace,9
C:\repositories\CanDoItAll\src\CanDoItAll.Components.CanvasLib\wwwroot\js\calendar\controller\02-controller-and-dom.js,CanvasLib,zy,zy-calendar-view-button,9
C:\repositories\CanDoItAll\src\CanDoItAll.Components.CanvasLib\wwwroot\js\calendar\core\01-foundation.js,CanvasLib,zy,zy-calendar-button-primary,8
C:\repositories\CanDoItAll\Tailwind\layout\stats.css,Tailwind,zy,zy-stat-card,8
C:\repositories\CanDoItAll\src\CanDoItAll.Components.BaseLib\Components\Navigation\Tabs.razor.css,BaseLib,zy,zy-tabs--horizontal,8
C:\repositories\CanDoItAll\src\CanDoItAll.Components.CanvasLib\wwwroot\js\calendar\core\01-foundation.js,CanvasLib,zy,zy-calendar-button,7
C:\repositories\CanDoItAll\src\CanDoItAll.Components.CanvasLib\wwwroot\js\calendar\core\01-foundation.js,CanvasLib,zy,zy-calendar-toolbar-menu-item,7
C:\repositories\CanDoItAll\src\CanDoItAll.Components.BaseLib\Components\Navigation\Tabs.razor.css,BaseLib,zy,zy-tabs-border,7
C:\repositories\CanDoItAll\src\CanDoItAll.Components.BaseLib\Components\Navigation\Tabs.razor.css,BaseLib,zy,zy-tabs-panel-background,7
C:\repositories\CanDoItAll\src\CanDoItAll.Components.BaseLib\Components\Navigation\Tabs.razor.css,BaseLib,zy,zy-tabs-tab-font-size,7
C:\repositories\CanDoItAll\src\CanDoItAll.Components.BaseLib\Components\Navigation\Tabs.razor.css,BaseLib,zy,zy-tabs-tab-min-height,7
C:\repositories\CanDoItAll\src\CanDoItAll.Components.BaseLib\Components\Navigation\Tabs.razor.css,BaseLib,zy,zy-tabs-tab-padding,7
C:\repositories\CanDoItAll\src\CanDoItAll.Components.CanvasLib\wwwroot\js\calendar\core\01-foundation.js,CanvasLib,zy,zy-calendar-backdrop,6
C:\repositories\CanDoItAll\src\CanDoItAll.Components.CanvasLib\wwwroot\js\calendar\core\01-foundation.js,CanvasLib,zy,zy-calendar-export-button,6
C:\repositories\CanDoItAll\src\CanDoItAll.Components.CanvasLib\wwwroot\js\calendar\controller\02-controller-and-dom.js,CanvasLib,zy,zy-calendar-panel-kicker,6
C:\repositories\CanDoItAll\src\CanDoItAll.Components.CanvasLib\wwwroot\js\calendar\core\01-foundation.js,CanvasLib,zy,zy-calendar-view-button,6
C:\repositories\CanDoItAll\src\CanDoItAll.Components.BaseLib\Components\Navigation\Tabs.razor.css,BaseLib,zy,zy-tabs-panel-padding,6
C:\repositories\CanDoItAll\src\CanDoItAll.Components.BaseLib\Components\Navigation\Tabs.razor.css,BaseLib,zy,zy-tabs-tab-hover-background,6
C:\repositories\CanDoItAll\src\CanDoItAll.Components.BaseLib\Components\Navigation\Tabs.razor.css,BaseLib,zy,zy-tabs-tab-radius,6
C:\repositories\CanDoItAll\src\CanDoItAll.Components.CanvasLib\wwwroot\js\calendar\core\01-foundation.js,CanvasLib,zy,zy-cal-accent,5
C:\repositories\CanDoItAll\src\CanDoItAll.Components.CanvasLib\wwwroot\js\calendar\controller\03-editor-and-toolbar.js,CanvasLib,zy,zy-calendar-button,5
C:\repositories\CanDoItAll\src\CanDoItAll.Components.CanvasLib\wwwroot\js\calendar\controller\02-controller-and-dom.js,CanvasLib,zy,zy-calendar-button-primary,5
C:\repositories\CanDoItAll\src\CanDoItAll.Components.CanvasLib\wwwroot\js\calendar\core\01-foundation.js,CanvasLib,zy,zy-calendar-list-icon-button,5
C:\repositories\CanDoItAll\src\CanDoItAll.Components.CanvasLib\wwwroot\js\calendar\controller\02-controller-and-dom.js,CanvasLib,zy,zy-calendar-toolbar-group,5
C:\repositories\CanDoItAll\src\CanDoItAll.Components.BaseLib\Components\Navigation\Tabs.razor.css,BaseLib,zy,zy-tabs--variant-modal-compact,5
C:\repositories\CanDoItAll\src\CanDoItAll.Components.BaseLib\Components\Navigation\Tabs.razor.css,BaseLib,zy,zy-tabs--variant-workstation,5
C:\repositories\CanDoItAll\src\CanDoItAll.Components.BaseLib\Components\Navigation\Tabs.razor.css,BaseLib,zy,zy-tabs-tab-active-background,5
C:\repositories\CanDoItAll\src\CanDoItAll.Components.BaseLib\Components\Navigation\Tabs.razor.css,BaseLib,zy,zy-tabs-tab-active-color,5
C:\repositories\CanDoItAll\src\CanDoItAll.Components.BaseLib\Components\Navigation\Tabs.razor.css,BaseLib,zy,zy-tabs-tab-color,5
C:\repositories\CanDoItAll\src\CanDoItAll.Components.CanvasLib\wwwroot\js\calendar\core\01-foundation.js,CanvasLib,zy,zy-calendar-canvas,4
C:\repositories\CanDoItAll\src\CanDoItAll.Components.CanvasLib\wwwroot\js\calendar\core\01-foundation.js,CanvasLib,zy,zy-calendar-editor,4
C:\repositories\CanDoItAll\src\CanDoItAll.Components.CanvasLib\wwwroot\js\calendar\controller\02-controller-and-dom.js,CanvasLib,zy,zy-calendar-editor-inline,4
C:\repositories\CanDoItAll\src\CanDoItAll.Components.CanvasLib\wwwroot\js\calendar\core\01-foundation.js,CanvasLib,zy,zy-calendar-inline-message,4
C:\repositories\CanDoItAll\src\CanDoItAll.Components.CanvasLib\wwwroot\js\calendar\core\01-foundation.js,CanvasLib,zy,zy-calendar-list-row-time-line,4
C:\repositories\CanDoItAll\src\CanDoItAll.Components.CanvasLib\wwwroot\js\calendar\core\01-foundation.js,CanvasLib,zy,zy-calendar-list-table,4
C:\repositories\CanDoItAll\src\CanDoItAll.Components.CanvasLib\wwwroot\js\calendar\controller\02-controller-and-dom.js,CanvasLib,zy,zy-calendar-panel-copy,4
C:\repositories\CanDoItAll\src\CanDoItAll.Components.CanvasLib\wwwroot\js\calendar\controller\03-editor-and-toolbar.js,CanvasLib,zy,zy-calendar-panel-copy,4
C:\repositories\CanDoItAll\src\CanDoItAll.Components.CanvasLib\wwwroot\js\calendar\controller\03-editor-and-toolbar.js,CanvasLib,zy,zy-calendar-playlist-title,4
C:\repositories\CanDoItAll\src\CanDoItAll.Components.CanvasLib\wwwroot\js\calendar\controller\02-controller-and-dom.js,CanvasLib,zy,zy-calendar-toolbar-divider,4
C:\repositories\CanDoItAll\src\CanDoItAll.Components.BaseLib\Components\Forms\Compatibility\ProfileField.razor,BaseLib,zy,zy-seller-profile-field,4
C:\repositories\CanDoItAll\src\CanDoItAll.Components.BaseLib\Components\Cards\CardStatsWithNumber.razor,BaseLib,zy,zy-stat-card,4
C:\repositories\CanDoItAll\src\CanDoItAll.Components.BaseLib\Components\Navigation\Tabs.razor.css,BaseLib,zy,zy-tabs-panel-border,4
C:\repositories\CanDoItAll\src\CanDoItAll.Components.BaseLib\Components\Navigation\Tabs.razor.css,BaseLib,zy,zy-tabs-panel-radius,4
C:\repositories\CanDoItAll\src\CanDoItAll.Components.BaseLib\Components\Navigation\Tabs.razor.css,BaseLib,zy,zy-tabs-panel-shadow,4
C:\repositories\CanDoItAll\src\CanDoItAll.Components.BaseLib\Components\Navigation\Tabs.razor.css,BaseLib,zy,zy-tabs-tab-active-border,4
C:\repositories\CanDoItAll\src\CanDoItAll.Components.BaseLib\Components\Navigation\Tabs.razor.css,BaseLib,zy,zy-tabs-tab-active-shadow,4
C:\repositories\CanDoItAll\src\CanDoItAll.Components.BaseLib\Components\Navigation\Tabs.razor.css,BaseLib,zy,zy-tabs-tab-border,4
C:\repositories\CanDoItAll\src\CanDoItAll.Components.BaseLib\Components\Navigation\Tabs.razor.css,BaseLib,zy,zy-tabs-tab-hover-color,4
C:\repositories\CanDoItAll\src\CanDoItAll.Components.CanvasLib\wwwroot\js\calendar\core\01-foundation.js,CanvasLib,zy,zy-cal-shadow,3
C:\repositories\CanDoItAll\src\CanDoItAll.Components.CanvasLib\wwwroot\js\calendar\core\01-foundation.js,CanvasLib,zy,zy-calendar-body,3
C:\repositories\CanDoItAll\src\CanDoItAll.Components.CanvasLib\wwwroot\js\calendar\core\01-foundation.js,CanvasLib,zy,zy-calendar-editor-body,3
C:\repositories\CanDoItAll\src\CanDoItAll.Components.CanvasLib\wwwroot\js\calendar\core\01-foundation.js,CanvasLib,zy,zy-calendar-editor-footer,3
C:\repositories\CanDoItAll\src\CanDoItAll.Components.CanvasLib\wwwroot\js\calendar\controller\02-controller-and-dom.js,CanvasLib,zy,zy-calendar-editor-grid,3
C:\repositories\CanDoItAll\src\CanDoItAll.Components.CanvasLib\wwwroot\js\calendar\controller\02-controller-and-dom.js,CanvasLib,zy,zy-calendar-editor-textarea,3
C:\repositories\CanDoItAll\src\CanDoItAll.Components.CanvasLib\wwwroot\js\calendar\core\01-foundation.js,CanvasLib,zy,zy-calendar-editor-textarea,3
C:\repositories\CanDoItAll\src\CanDoItAll.Components.CanvasLib\wwwroot\js\calendar\controller\02-controller-and-dom.js,CanvasLib,zy,zy-calendar-editor-title,3
C:\repositories\CanDoItAll\src\CanDoItAll.Components.CanvasLib\wwwroot\js\calendar\core\01-foundation.js,CanvasLib,zy,zy-calendar-mobile-view-select,3
C:\repositories\CanDoItAll\src\CanDoItAll.Components.CanvasLib\wwwroot\js\calendar\core\01-foundation.js,CanvasLib,zy,zy-calendar-panel,3
C:\repositories\CanDoItAll\src\CanDoItAll.Components.CanvasLib\wwwroot\js\calendar\controller\02-controller-and-dom.js,CanvasLib,zy,zy-calendar-panel-title,3
C:\repositories\CanDoItAll\src\CanDoItAll.Components.CanvasLib\wwwroot\js\calendar\controller\03-editor-and-toolbar.js,CanvasLib,zy,zy-calendar-playlist-event-chip,3
C:\repositories\CanDoItAll\src\CanDoItAll.Components.CanvasLib\wwwroot\js\calendar\controller\02-controller-and-dom.js,CanvasLib,zy,zy-calendar-timezones,3
C:\repositories\CanDoItAll\src\CanDoItAll.Components.CanvasLib\wwwroot\js\calendar\core\01-foundation.js,CanvasLib,zy,zy-calendar-toolbar-event-plus,3
C:\repositories\CanDoItAll\src\CanDoItAll.Components.CanvasLib\wwwroot\js\calendar\core\01-foundation.js,CanvasLib,zy,zy-calendar-toolbar-icon-button,3
C:\repositories\CanDoItAll\src\CanDoItAll.Components.CanvasLib\wwwroot\js\calendar\core\01-foundation.js,CanvasLib,zy,zy-calendar-toolbar-menu-popover,3
C:\repositories\CanDoItAll\src\CanDoItAll.Components.CanvasLib\wwwroot\js\calendar\core\01-foundation.js,CanvasLib,zy,zy-calendar-utility-backdrop,3
C:\repositories\CanDoItAll\src\CanDoItAll.Components.CanvasLib\wwwroot\js\calendar\controller\02-controller-and-dom.js,CanvasLib,zy,zy-calendar-utility-title,3
C:\repositories\CanDoItAll\src\CanDoItAll.Components.CanvasLib\wwwroot\js\calendar\core\01-foundation.js,CanvasLib,zy,zy-calendar-view-switcher,3
C:\repositories\CanDoItAll\src\CanDoItAll.Components.BaseLib\Components\Buttons\Button.razor,BaseLib,zy,zy-card-button,3
C:\repositories\CanDoItAll\Tailwind\layout\stats.css,Tailwind,zy,zy-stat-card--lg,3
C:\repositories\CanDoItAll\Tailwind\layout\stats.css,Tailwind,zy,zy-stat-card--sm,3
C:\repositories\CanDoItAll\src\CanDoItAll.Components.BaseLib\Components\Navigation\Tabs.razor.css,BaseLib,zy,zy-tabs--position-left,3
C:\repositories\CanDoItAll\src\CanDoItAll.Components.BaseLib\Components\Navigation\Tabs.razor.css,BaseLib,zy,zy-tabs--position-right,3
C:\repositories\CanDoItAll\src\CanDoItAll.Components.BaseLib\Components\Navigation\Tabs.razor.css,BaseLib,zy,zy-tabs-tab-badge-background,3
C:\repositories\CanDoItAll\src\CanDoItAll.Components.BaseLib\Components\Navigation\Tabs.razor.css,BaseLib,zy,zy-tabs-tab-badge-color,3
C:\repositories\CanDoItAll\src\CanDoItAll.Components.BaseLib\Components\Navigation\Tabs.razor.css,BaseLib,zy,zy-tabs-tab-letter-spacing,3
C:\repositories\CanDoItAll\src\CanDoItAll.Components.CanvasLib\wwwroot\js\calendar\core\01-foundation.js,CanvasLib,zy,zy-cal-bg,2
C:\repositories\CanDoItAll\src\CanDoItAll.Components.CanvasLib\wwwroot\js\calendar\core\01-foundation.js,CanvasLib,zy,zy-cal-danger,2
C:\repositories\CanDoItAll\src\CanDoItAll.Components.CanvasLib\wwwroot\js\calendar\core\01-foundation.js,CanvasLib,zy,zy-cal-panel,2
C:\repositories\CanDoItAll\src\CanDoItAll.Components.CanvasLib\wwwroot\js\calendar\core\01-foundation.js,CanvasLib,zy,zy-cal-panel-soft,2
C:\repositories\CanDoItAll\src\CanDoItAll.Components.CanvasLib\wwwroot\js\calendar\controller\02-controller-and-dom.js,CanvasLib,zy,zy-calendar-button-danger,2
C:\repositories\CanDoItAll\src\CanDoItAll.Components.CanvasLib\wwwroot\js\calendar\core\01-foundation.js,CanvasLib,zy,zy-calendar-button-danger,2
C:\repositories\CanDoItAll\src\CanDoItAll.Components.CanvasLib\wwwroot\js\calendar\controller\03-editor-and-toolbar.js,CanvasLib,zy,zy-calendar-chip,2
C:\repositories\CanDoItAll\src\CanDoItAll.Components.CanvasLib\wwwroot\js\calendar\controller\03-editor-and-toolbar.js,CanvasLib,zy,zy-calendar-chip-muted,2
C:\repositories\CanDoItAll\src\CanDoItAll.Components.CanvasLib\wwwroot\js\calendar\core\01-foundation.js,CanvasLib,zy,zy-calendar-choice-backdrop,2
C:\repositories\CanDoItAll\src\CanDoItAll.Components.CanvasLib\wwwroot\js\calendar\controller\02-controller-and-dom.js,CanvasLib,zy,zy-calendar-editor-checkbox,2
C:\repositories\CanDoItAll\src\CanDoItAll.Components.CanvasLib\wwwroot\js\calendar\core\01-foundation.js,CanvasLib,zy,zy-calendar-editor-grid,2
C:\repositories\CanDoItAll\src\CanDoItAll.Components.CanvasLib\wwwroot\js\calendar\core\01-foundation.js,CanvasLib,zy,zy-calendar-editor-header,2
C:\repositories\CanDoItAll\src\CanDoItAll.Components.CanvasLib\wwwroot\js\calendar\core\01-foundation.js,CanvasLib,zy,zy-calendar-editor-input,2
C:\repositories\CanDoItAll\src\CanDoItAll.Components.CanvasLib\wwwroot\js\calendar\controller\02-controller-and-dom.js,CanvasLib,zy,zy-calendar-editor-select,2
C:\repositories\CanDoItAll\src\CanDoItAll.Components.CanvasLib\wwwroot\js\calendar\core\01-foundation.js,CanvasLib,zy,zy-calendar-editor-select,2
C:\repositories\CanDoItAll\src\CanDoItAll.Components.CanvasLib\wwwroot\js\calendar\controller\02-controller-and-dom.js,CanvasLib,zy,zy-calendar-inline-message,2
C:\repositories\CanDoItAll\src\CanDoItAll.Components.CanvasLib\wwwroot\js\calendar\controller\02-controller-and-dom.js,CanvasLib,zy,zy-calendar-list-col-actions,2
C:\repositories\CanDoItAll\src\CanDoItAll.Components.CanvasLib\wwwroot\js\calendar\core\01-foundation.js,CanvasLib,zy,zy-calendar-list-icon-button-primary,2
C:\repositories\CanDoItAll\src\CanDoItAll.Components.CanvasLib\wwwroot\js\calendar\core\01-foundation.js,CanvasLib,zy,zy-calendar-list-row-time,2
C:\repositories\CanDoItAll\src\CanDoItAll.Components.CanvasLib\wwwroot\js\calendar\core\01-foundation.js,CanvasLib,zy,zy-calendar-list-shell,2
C:\repositories\CanDoItAll\src\CanDoItAll.Components.CanvasLib\wwwroot\js\calendar\core\01-foundation.js,CanvasLib,zy,zy-calendar-loading,2
C:\repositories\CanDoItAll\src\CanDoItAll.Components.CanvasLib\wwwroot\js\calendar\core\01-foundation.js,CanvasLib,zy,zy-calendar-mobile-view-field,2
C:\repositories\CanDoItAll\src\CanDoItAll.Components.CanvasLib\wwwroot\js\calendar\controller\02-controller-and-dom.js,CanvasLib,zy,zy-calendar-panel-card,2
C:\repositories\CanDoItAll\src\CanDoItAll.Components.CanvasLib\wwwroot\js\calendar\controller\02-controller-and-dom.js,CanvasLib,zy,zy-calendar-playlist-choice-title,2
C:\repositories\CanDoItAll\src\CanDoItAll.Components.CanvasLib\wwwroot\js\calendar\core\01-foundation.js,CanvasLib,zy,zy-calendar-playlist-event-chip,2
C:\repositories\CanDoItAll\src\CanDoItAll.Components.CanvasLib\wwwroot\js\calendar\controller\03-editor-and-toolbar.js,CanvasLib,zy,zy-calendar-playlist-events,2
C:\repositories\CanDoItAll\src\CanDoItAll.Components.CanvasLib\wwwroot\js\calendar\controller\03-editor-and-toolbar.js,CanvasLib,zy,zy-calendar-playlist-meta,2
C:\repositories\CanDoItAll\src\CanDoItAll.Components.CanvasLib\wwwroot\js\calendar\controller\03-editor-and-toolbar.js,CanvasLib,zy,zy-calendar-playlist-result-actions,2
C:\repositories\CanDoItAll\src\CanDoItAll.Components.CanvasLib\wwwroot\js\calendar\core\01-foundation.js,CanvasLib,zy,zy-calendar-playlist-title,2
C:\repositories\CanDoItAll\src\CanDoItAll.Components.CanvasLib\wwwroot\js\calendar\core\01-foundation.js,CanvasLib,zy,zy-calendar-shell,2
C:\repositories\CanDoItAll\src\CanDoItAll.Components.CanvasLib\wwwroot\js\calendar\core\01-foundation.js,CanvasLib,zy,zy-calendar-stage-shell,2
C:\repositories\CanDoItAll\src\CanDoItAll.Components.CanvasLib\wwwroot\js\calendar\core\01-foundation.js,CanvasLib,zy,zy-calendar-statusbar,2
C:\repositories\CanDoItAll\src\CanDoItAll.Components.CanvasLib\wwwroot\js\calendar\controller\02-controller-and-dom.js,CanvasLib,zy,zy-calendar-toolbar-icon,2
C:\repositories\CanDoItAll\src\CanDoItAll.Components.CanvasLib\wwwroot\js\calendar\core\01-foundation.js,CanvasLib,zy,zy-calendar-toolbar-input,2
C:\repositories\CanDoItAll\src\CanDoItAll.Components.CanvasLib\wwwroot\js\calendar\core\01-foundation.js,CanvasLib,zy,zy-calendar-toolbar-menu-shell,2
C:\repositories\CanDoItAll\src\CanDoItAll.Components.CanvasLib\wwwroot\js\calendar\controller\02-controller-and-dom.js,CanvasLib,zy,zy-calendar-toolbar-nav-icon,2
C:\repositories\CanDoItAll\src\CanDoItAll.Components.CanvasLib\wwwroot\js\calendar\core\01-foundation.js,CanvasLib,zy,zy-calendar-utility-body,2
C:\repositories\CanDoItAll\src\CanDoItAll.Components.CanvasLib\wwwroot\js\calendar\core\01-foundation.js,CanvasLib,zy,zy-calendar-utility-list,2
C:\repositories\CanDoItAll\src\CanDoItAll.Components.BaseLib\Components\Forms\Compatibility\ProfileToggle.razor,BaseLib,zy,zy-seller-profile-toggle,2
C:\repositories\CanDoItAll\src\CanDoItAll.Components.BaseLib\Components\Cards\Compatibility\SheetCard.razor,BaseLib,zy,zy-sheet-card,2
C:\repositories\CanDoItAll\Tailwind\forms\tag-editor.css,Tailwind,zy,zy-sheet-field,2
C:\repositories\CanDoItAll\src\CanDoItAll.Components.BaseLib\Components\Forms\Compatibility\SheetField.razor,BaseLib,zy,zy-sheet-field,2
C:\repositories\CanDoItAll\src\CanDoItAll.Components.BaseLib\Components\Cards\Compatibility\SheetGrid.razor,BaseLib,zy,zy-sheet-grid,2
C:\repositories\CanDoItAll\Tailwind\layout\sheets.css,Tailwind,zy,zy-sheet-toolbar-actions,2
C:\repositories\CanDoItAll\Tailwind\layout\sheets.css,Tailwind,zy,zy-sheet-toolbar-row,2
C:\repositories\CanDoItAll\src\CanDoItAll.Components.BaseLib\Components\Navigation\Tabs.razor.css,BaseLib,zy,zy-tabs-tab-font-weight,2
C:\repositories\CanDoItAll\src\CanDoItAll.Components.BaseLib\Components\Navigation\Tabs.razor.css,BaseLib,zy,zy-tabs-tab-shadow,2
C:\repositories\CanDoItAll\src\CanDoItAll.Components.BaseLib\Components\Layout\WorkspaceSplit.razor.css,BaseLib,zy,zy-workspace-split,2
C:\repositories\CanDoItAll\src\CanDoItAll.Components.CanvasLib\wwwroot\js\calendar\core\01-foundation.js,CanvasLib,zy,zy-cal-accent-soft,1
C:\repositories\CanDoItAll\src\CanDoItAll.Components.CanvasLib\wwwroot\js\calendar\core\01-foundation.js,CanvasLib,zy,zy-cal-border-strong,1
C:\repositories\CanDoItAll\src\CanDoItAll.Components.CanvasLib\wwwroot\js\calendar\core\01-foundation.js,CanvasLib,zy,zy-cal-success,1
C:\repositories\CanDoItAll\src\CanDoItAll.Components.CanvasLib\wwwroot\js\calendar\controller\02-controller-and-dom.js,CanvasLib,zy,zy-calendar-backdrop,1
C:\repositories\CanDoItAll\src\CanDoItAll.Components.CanvasLib\wwwroot\js\calendar\controller\02-controller-and-dom.js,CanvasLib,zy,zy-calendar-body,1
C:\repositories\CanDoItAll\src\CanDoItAll.Components.CanvasLib\wwwroot\js\calendar\controller\03-editor-and-toolbar.js,CanvasLib,zy,zy-calendar-button-danger,1
C:\repositories\CanDoItAll\src\CanDoItAll.Components.CanvasLib\wwwroot\js\calendar\controller\03-editor-and-toolbar.js,CanvasLib,zy,zy-calendar-button-primary,1
C:\repositories\CanDoItAll\src\CanDoItAll.Components.CanvasLib\wwwroot\js\calendar\controller\02-controller-and-dom.js,CanvasLib,zy,zy-calendar-canvas,1
C:\repositories\CanDoItAll\src\CanDoItAll.Components.CanvasLib\wwwroot\js\calendar\controller\02-controller-and-dom.js,CanvasLib,zy,zy-calendar-canvas-shell,1
C:\repositories\CanDoItAll\src\CanDoItAll.Components.CanvasLib\wwwroot\js\calendar\core\01-foundation.js,CanvasLib,zy,zy-calendar-canvas-shell,1
C:\repositories\CanDoItAll\src\CanDoItAll.Components.CanvasLib\wwwroot\js\calendar\core\01-foundation.js,CanvasLib,zy,zy-calendar-chip,1
C:\repositories\CanDoItAll\src\CanDoItAll.Components.CanvasLib\wwwroot\js\calendar\core\01-foundation.js,CanvasLib,zy,zy-calendar-chip-muted,1
C:\repositories\CanDoItAll\src\CanDoItAll.Components.CanvasLib\wwwroot\js\calendar\core\01-foundation.js,CanvasLib,zy,zy-calendar-chip-ok,1
C:\repositories\CanDoItAll\src\CanDoItAll.Components.CanvasLib\wwwroot\js\calendar\core\01-foundation.js,CanvasLib,zy,zy-calendar-chip-row,1
C:\repositories\CanDoItAll\src\CanDoItAll.Components.CanvasLib\wwwroot\js\calendar\core\01-foundation.js,CanvasLib,zy,zy-calendar-chip-warn,1
C:\repositories\CanDoItAll\src\CanDoItAll.Components.CanvasLib\wwwroot\js\calendar\controller\02-controller-and-dom.js,CanvasLib,zy,zy-calendar-choice-backdrop,1
C:\repositories\CanDoItAll\src\CanDoItAll.Components.CanvasLib\wwwroot\js\calendar\controller\02-controller-and-dom.js,CanvasLib,zy,zy-calendar-choice-dialog,1
C:\repositories\CanDoItAll\src\CanDoItAll.Components.CanvasLib\wwwroot\js\calendar\core\01-foundation.js,CanvasLib,zy,zy-calendar-choice-dialog,1
C:\repositories\CanDoItAll\src\CanDoItAll.Components.CanvasLib\wwwroot\js\calendar\controller\02-controller-and-dom.js,CanvasLib,zy,zy-calendar-editor,1
C:\repositories\CanDoItAll\src\CanDoItAll.Components.CanvasLib\wwwroot\js\calendar\controller\02-controller-and-dom.js,CanvasLib,zy,zy-calendar-editor-body,1
C:\repositories\CanDoItAll\src\CanDoItAll.Components.CanvasLib\wwwroot\js\calendar\core\01-foundation.js,CanvasLib,zy,zy-calendar-editor-checkbox,1
C:\repositories\CanDoItAll\src\CanDoItAll.Components.CanvasLib\wwwroot\js\calendar\core\01-foundation.js,CanvasLib,zy,zy-calendar-editor-field,1
C:\repositories\CanDoItAll\src\CanDoItAll.Components.CanvasLib\wwwroot\js\calendar\controller\02-controller-and-dom.js,CanvasLib,zy,zy-calendar-editor-footer,1
C:\repositories\CanDoItAll\src\CanDoItAll.Components.CanvasLib\wwwroot\js\calendar\controller\02-controller-and-dom.js,CanvasLib,zy,zy-calendar-editor-header,1
C:\repositories\CanDoItAll\src\CanDoItAll.Components.CanvasLib\wwwroot\js\calendar\core\01-foundation.js,CanvasLib,zy,zy-calendar-editor-inline,1
C:\repositories\CanDoItAll\src\CanDoItAll.Components.CanvasLib\wwwroot\js\calendar\core\01-foundation.js,CanvasLib,zy,zy-calendar-editor-label,1
C:\repositories\CanDoItAll\src\CanDoItAll.Components.CanvasLib\wwwroot\js\calendar\controller\02-controller-and-dom.js,CanvasLib,zy,zy-calendar-editor-note,1
C:\repositories\CanDoItAll\src\CanDoItAll.Components.CanvasLib\wwwroot\js\calendar\core\01-foundation.js,CanvasLib,zy,zy-calendar-editor-note,1
C:\repositories\CanDoItAll\src\CanDoItAll.Components.CanvasLib\wwwroot\js\calendar\core\01-foundation.js,CanvasLib,zy,zy-calendar-editor-title,1
C:\repositories\CanDoItAll\src\CanDoItAll.Components.CanvasLib\wwwroot\js\calendar\controller\02-controller-and-dom.js,CanvasLib,zy,zy-calendar-empty-state,1
C:\repositories\CanDoItAll\src\CanDoItAll.Components.CanvasLib\wwwroot\js\calendar\core\01-foundation.js,CanvasLib,zy,zy-calendar-empty-state,1
C:\repositories\CanDoItAll\src\CanDoItAll.Components.CanvasLib\wwwroot\js\calendar\controller\02-controller-and-dom.js,CanvasLib,zy,zy-calendar-event-actions,1
C:\repositories\CanDoItAll\src\CanDoItAll.Components.CanvasLib\wwwroot\js\calendar\core\01-foundation.js,CanvasLib,zy,zy-calendar-event-actions,1
C:\repositories\CanDoItAll\src\CanDoItAll.Components.CanvasLib\wwwroot\js\calendar\controller\02-controller-and-dom.js,CanvasLib,zy,zy-calendar-event-meta,1
C:\repositories\CanDoItAll\src\CanDoItAll.Components.CanvasLib\wwwroot\js\calendar\core\01-foundation.js,CanvasLib,zy,zy-calendar-event-meta,1
C:\repositories\CanDoItAll\src\CanDoItAll.Components.CanvasLib\wwwroot\js\calendar\controller\02-controller-and-dom.js,CanvasLib,zy,zy-calendar-event-meta-item,1
C:\repositories\CanDoItAll\src\CanDoItAll.Components.CanvasLib\wwwroot\js\calendar\core\01-foundation.js,CanvasLib,zy,zy-calendar-event-meta-item,1
C:\repositories\CanDoItAll\src\CanDoItAll.Components.CanvasLib\wwwroot\js\calendar\controller\02-controller-and-dom.js,CanvasLib,zy,zy-calendar-event-meta-label,1
C:\repositories\CanDoItAll\src\CanDoItAll.Components.CanvasLib\wwwroot\js\calendar\core\01-foundation.js,CanvasLib,zy,zy-calendar-event-meta-label,1
C:\repositories\CanDoItAll\src\CanDoItAll.Components.CanvasLib\wwwroot\js\calendar\controller\02-controller-and-dom.js,CanvasLib,zy,zy-calendar-event-meta-value,1
C:\repositories\CanDoItAll\src\CanDoItAll.Components.CanvasLib\wwwroot\js\calendar\core\01-foundation.js,CanvasLib,zy,zy-calendar-event-meta-value,1
C:\repositories\CanDoItAll\src\CanDoItAll.Components.CanvasLib\Components\Calendar\CanvasCalendar.razor,CanvasLib,zy,zy-calendar-host-workspace,1
C:\repositories\CanDoItAll\src\CanDoItAll.Components.CanvasLib\wwwroot\js\calendar\controller\02-controller-and-dom.js,CanvasLib,zy,zy-calendar-host-workspace,1
C:\repositories\CanDoItAll\src\CanDoItAll.Components.CanvasLib\wwwroot\js\calendar\controller\02-controller-and-dom.js,CanvasLib,zy,zy-calendar-list-actions,1
C:\repositories\CanDoItAll\src\CanDoItAll.Components.CanvasLib\wwwroot\js\calendar\core\01-foundation.js,CanvasLib,zy,zy-calendar-list-actions,1
C:\repositories\CanDoItAll\src\CanDoItAll.Components.CanvasLib\wwwroot\js\calendar\core\01-foundation.js,CanvasLib,zy,zy-calendar-list-col-actions,1
C:\repositories\CanDoItAll\src\CanDoItAll.Components.CanvasLib\wwwroot\js\calendar\controller\02-controller-and-dom.js,CanvasLib,zy,zy-calendar-list-header,1
C:\repositories\CanDoItAll\src\CanDoItAll.Components.CanvasLib\wwwroot\js\calendar\core\01-foundation.js,CanvasLib,zy,zy-calendar-list-header,1
C:\repositories\CanDoItAll\src\CanDoItAll.Components.CanvasLib\wwwroot\js\calendar\controller\02-controller-and-dom.js,CanvasLib,zy,zy-calendar-list-row-meta,1
C:\repositories\CanDoItAll\src\CanDoItAll.Components.CanvasLib\wwwroot\js\calendar\core\01-foundation.js,CanvasLib,zy,zy-calendar-list-row-meta,1
C:\repositories\CanDoItAll\src\CanDoItAll.Components.CanvasLib\wwwroot\js\calendar\controller\02-controller-and-dom.js,CanvasLib,zy,zy-calendar-list-row-title,1
C:\repositories\CanDoItAll\src\CanDoItAll.Components.CanvasLib\wwwroot\js\calendar\core\01-foundation.js,CanvasLib,zy,zy-calendar-list-row-title,1
C:\repositories\CanDoItAll\src\CanDoItAll.Components.CanvasLib\wwwroot\js\calendar\controller\02-controller-and-dom.js,CanvasLib,zy,zy-calendar-list-shell,1
C:\repositories\CanDoItAll\src\CanDoItAll.Components.CanvasLib\wwwroot\js\calendar\controller\02-controller-and-dom.js,CanvasLib,zy,zy-calendar-list-table,1
C:\repositories\CanDoItAll\src\CanDoItAll.Components.CanvasLib\wwwroot\js\calendar\controller\02-controller-and-dom.js,CanvasLib,zy,zy-calendar-list-table-wrap,1
C:\repositories\CanDoItAll\src\CanDoItAll.Components.CanvasLib\wwwroot\js\calendar\core\01-foundation.js,CanvasLib,zy,zy-calendar-list-table-wrap,1
C:\repositories\CanDoItAll\src\CanDoItAll.Components.CanvasLib\wwwroot\js\calendar\controller\02-controller-and-dom.js,CanvasLib,zy,zy-calendar-live-region,1
C:\repositories\CanDoItAll\src\CanDoItAll.Components.CanvasLib\wwwroot\js\calendar\core\01-foundation.js,CanvasLib,zy,zy-calendar-live-region,1
C:\repositories\CanDoItAll\src\CanDoItAll.Components.CanvasLib\wwwroot\js\calendar\controller\02-controller-and-dom.js,CanvasLib,zy,zy-calendar-loading,1
C:\repositories\CanDoItAll\src\CanDoItAll.Components.CanvasLib\wwwroot\js\calendar\controller\02-controller-and-dom.js,CanvasLib,zy,zy-calendar-mobile-view-field,1
C:\repositories\CanDoItAll\src\CanDoItAll.Components.CanvasLib\wwwroot\js\calendar\controller\02-controller-and-dom.js,CanvasLib,zy,zy-calendar-mobile-view-select,1
C:\repositories\CanDoItAll\src\CanDoItAll.Components.CanvasLib\wwwroot\js\calendar\controller\02-controller-and-dom.js,CanvasLib,zy,zy-calendar-panel,1
C:\repositories\CanDoItAll\src\CanDoItAll.Components.CanvasLib\wwwroot\js\calendar\core\01-foundation.js,CanvasLib,zy,zy-calendar-panel-card,1
C:\repositories\CanDoItAll\src\CanDoItAll.Components.CanvasLib\wwwroot\js\calendar\core\01-foundation.js,CanvasLib,zy,zy-calendar-panel-copy,1
C:\repositories\CanDoItAll\src\CanDoItAll.Components.CanvasLib\wwwroot\js\calendar\core\01-foundation.js,CanvasLib,zy,zy-calendar-panel-kicker,1
C:\repositories\CanDoItAll\src\CanDoItAll.Components.CanvasLib\wwwroot\js\calendar\core\01-foundation.js,CanvasLib,zy,zy-calendar-panel-title,1
C:\repositories\CanDoItAll\src\CanDoItAll.Components.CanvasLib\wwwroot\js\calendar\controller\02-controller-and-dom.js,CanvasLib,zy,zy-calendar-period-label,1
C:\repositories\CanDoItAll\src\CanDoItAll.Components.CanvasLib\wwwroot\js\calendar\core\01-foundation.js,CanvasLib,zy,zy-calendar-period-label,1
C:\repositories\CanDoItAll\src\CanDoItAll.Components.CanvasLib\wwwroot\js\calendar\controller\02-controller-and-dom.js,CanvasLib,zy,zy-calendar-period-subtitle,1
C:\repositories\CanDoItAll\src\CanDoItAll.Components.CanvasLib\wwwroot\js\calendar\core\01-foundation.js,CanvasLib,zy,zy-calendar-period-subtitle,1
C:\repositories\CanDoItAll\src\CanDoItAll.Components.CanvasLib\wwwroot\js\calendar\controller\03-editor-and-toolbar.js,CanvasLib,zy,zy-calendar-playlist-card,1
C:\repositories\CanDoItAll\src\CanDoItAll.Components.CanvasLib\wwwroot\js\calendar\core\01-foundation.js,CanvasLib,zy,zy-calendar-playlist-card,1
C:\repositories\CanDoItAll\src\CanDoItAll.Components.CanvasLib\wwwroot\js\calendar\controller\03-editor-and-toolbar.js,CanvasLib,zy,zy-calendar-playlist-card-head,1
C:\repositories\CanDoItAll\src\CanDoItAll.Components.CanvasLib\wwwroot\js\calendar\core\01-foundation.js,CanvasLib,zy,zy-calendar-playlist-card-head,1
C:\repositories\CanDoItAll\src\CanDoItAll.Components.CanvasLib\wwwroot\js\calendar\core\01-foundation.js,CanvasLib,zy,zy-calendar-playlist-events,1
C:\repositories\CanDoItAll\src\CanDoItAll.Components.CanvasLib\wwwroot\js\calendar\controller\02-controller-and-dom.js,CanvasLib,zy,zy-calendar-playlist-list,1
C:\repositories\CanDoItAll\src\CanDoItAll.Components.CanvasLib\wwwroot\js\calendar\core\01-foundation.js,CanvasLib,zy,zy-calendar-playlist-list,1
C:\repositories\CanDoItAll\src\CanDoItAll.Components.CanvasLib\wwwroot\js\calendar\core\01-foundation.js,CanvasLib,zy,zy-calendar-playlist-meta,1
C:\repositories\CanDoItAll\src\CanDoItAll.Components.CanvasLib\wwwroot\js\calendar\controller\03-editor-and-toolbar.js,CanvasLib,zy,zy-calendar-playlist-result,1
C:\repositories\CanDoItAll\src\CanDoItAll.Components.CanvasLib\wwwroot\js\calendar\core\01-foundation.js,CanvasLib,zy,zy-calendar-playlist-result,1
C:\repositories\CanDoItAll\src\CanDoItAll.Components.CanvasLib\wwwroot\js\calendar\core\01-foundation.js,CanvasLib,zy,zy-calendar-playlist-result-actions,1
C:\repositories\CanDoItAll\src\CanDoItAll.Components.CanvasLib\wwwroot\js\calendar\controller\03-editor-and-toolbar.js,CanvasLib,zy,zy-calendar-playlist-result-head,1
C:\repositories\CanDoItAll\src\CanDoItAll.Components.CanvasLib\wwwroot\js\calendar\core\01-foundation.js,CanvasLib,zy,zy-calendar-playlist-result-head,1
C:\repositories\CanDoItAll\src\CanDoItAll.Components.CanvasLib\wwwroot\js\calendar\controller\02-controller-and-dom.js,CanvasLib,zy,zy-calendar-playlist-results,1
C:\repositories\CanDoItAll\src\CanDoItAll.Components.CanvasLib\wwwroot\js\calendar\core\01-foundation.js,CanvasLib,zy,zy-calendar-playlist-results,1
C:\repositories\CanDoItAll\src\CanDoItAll.Components.CanvasLib\wwwroot\js\calendar\controller\02-controller-and-dom.js,CanvasLib,zy,zy-calendar-playlist-search,1
C:\repositories\CanDoItAll\src\CanDoItAll.Components.CanvasLib\wwwroot\js\calendar\core\01-foundation.js,CanvasLib,zy,zy-calendar-playlist-search,1
C:\repositories\CanDoItAll\src\CanDoItAll.Components.CanvasLib\wwwroot\js\calendar\controller\02-controller-and-dom.js,CanvasLib,zy,zy-calendar-scope-switcher,1
C:\repositories\CanDoItAll\src\CanDoItAll.Components.CanvasLib\wwwroot\js\calendar\core\01-foundation.js,CanvasLib,zy,zy-calendar-scope-switcher,1
C:\repositories\CanDoItAll\src\CanDoItAll.Components.CanvasLib\wwwroot\js\calendar\controller\02-controller-and-dom.js,CanvasLib,zy,zy-calendar-shell,1
C:\repositories\CanDoItAll\src\CanDoItAll.Components.CanvasLib\wwwroot\js\calendar\controller\02-controller-and-dom.js,CanvasLib,zy,zy-calendar-shell-workspace,1
C:\repositories\CanDoItAll\src\CanDoItAll.Components.CanvasLib\wwwroot\js\calendar\controller\02-controller-and-dom.js,CanvasLib,zy,zy-calendar-stage,1
C:\repositories\CanDoItAll\src\CanDoItAll.Components.CanvasLib\wwwroot\js\calendar\core\01-foundation.js,CanvasLib,zy,zy-calendar-stage,1
C:\repositories\CanDoItAll\src\CanDoItAll.Components.CanvasLib\wwwroot\js\calendar\controller\02-controller-and-dom.js,CanvasLib,zy,zy-calendar-stage-shell,1
C:\repositories\CanDoItAll\src\CanDoItAll.Components.CanvasLib\wwwroot\js\calendar\controller\02-controller-and-dom.js,CanvasLib,zy,zy-calendar-stat,1
C:\repositories\CanDoItAll\src\CanDoItAll.Components.CanvasLib\wwwroot\js\calendar\core\01-foundation.js,CanvasLib,zy,zy-calendar-stat,1
C:\repositories\CanDoItAll\src\CanDoItAll.Components.CanvasLib\wwwroot\js\calendar\controller\02-controller-and-dom.js,CanvasLib,zy,zy-calendar-stat-grid,1
C:\repositories\CanDoItAll\src\CanDoItAll.Components.CanvasLib\wwwroot\js\calendar\core\01-foundation.js,CanvasLib,zy,zy-calendar-stat-grid,1
C:\repositories\CanDoItAll\src\CanDoItAll.Components.CanvasLib\wwwroot\js\calendar\controller\02-controller-and-dom.js,CanvasLib,zy,zy-calendar-stat-label,1
C:\repositories\CanDoItAll\src\CanDoItAll.Components.CanvasLib\wwwroot\js\calendar\core\01-foundation.js,CanvasLib,zy,zy-calendar-stat-label,1
C:\repositories\CanDoItAll\src\CanDoItAll.Components.CanvasLib\wwwroot\js\calendar\controller\02-controller-and-dom.js,CanvasLib,zy,zy-calendar-stat-value,1
C:\repositories\CanDoItAll\src\CanDoItAll.Components.CanvasLib\wwwroot\js\calendar\core\01-foundation.js,CanvasLib,zy,zy-calendar-stat-value,1
C:\repositories\CanDoItAll\src\CanDoItAll.Components.CanvasLib\wwwroot\js\calendar\controller\02-controller-and-dom.js,CanvasLib,zy,zy-calendar-statusbar,1
C:\repositories\CanDoItAll\src\CanDoItAll.Components.CanvasLib\wwwroot\js\calendar\controller\02-controller-and-dom.js,CanvasLib,zy,zy-calendar-toolbar,1
C:\repositories\CanDoItAll\src\CanDoItAll.Components.CanvasLib\wwwroot\js\calendar\core\01-foundation.js,CanvasLib,zy,zy-calendar-toolbar-divider,1
C:\repositories\CanDoItAll\src\CanDoItAll.Components.CanvasLib\wwwroot\js\calendar\core\01-foundation.js,CanvasLib,zy,zy-calendar-toolbar-group,1
C:\repositories\CanDoItAll\src\CanDoItAll.Components.CanvasLib\wwwroot\js\calendar\core\01-foundation.js,CanvasLib,zy,zy-calendar-toolbar-icon,1
C:\repositories\CanDoItAll\src\CanDoItAll.Components.CanvasLib\wwwroot\js\calendar\controller\02-controller-and-dom.js,CanvasLib,zy,zy-calendar-toolbar-input,1
C:\repositories\CanDoItAll\src\CanDoItAll.Components.CanvasLib\wwwroot\js\calendar\controller\02-controller-and-dom.js,CanvasLib,zy,zy-calendar-toolbar-menu-popover,1
C:\repositories\CanDoItAll\src\CanDoItAll.Components.CanvasLib\wwwroot\js\calendar\controller\02-controller-and-dom.js,CanvasLib,zy,zy-calendar-toolbar-menu-shell,1
C:\repositories\CanDoItAll\src\CanDoItAll.Components.CanvasLib\wwwroot\js\calendar\controller\02-controller-and-dom.js,CanvasLib,zy,zy-calendar-toolbar-meta,1
C:\repositories\CanDoItAll\src\CanDoItAll.Components.CanvasLib\wwwroot\js\calendar\core\01-foundation.js,CanvasLib,zy,zy-calendar-toolbar-meta,1
C:\repositories\CanDoItAll\src\CanDoItAll.Components.CanvasLib\wwwroot\js\calendar\core\01-foundation.js,CanvasLib,zy,zy-calendar-toolbar-nav-icon,1
C:\repositories\CanDoItAll\src\CanDoItAll.Components.CanvasLib\wwwroot\js\calendar\controller\02-controller-and-dom.js,CanvasLib,zy,zy-calendar-utility-backdrop,1
C:\repositories\CanDoItAll\src\CanDoItAll.Components.CanvasLib\wwwroot\js\calendar\controller\02-controller-and-dom.js,CanvasLib,zy,zy-calendar-utility-body,1
C:\repositories\CanDoItAll\src\CanDoItAll.Components.CanvasLib\wwwroot\js\calendar\controller\02-controller-and-dom.js,CanvasLib,zy,zy-calendar-utility-dialog,1
C:\repositories\CanDoItAll\src\CanDoItAll.Components.CanvasLib\wwwroot\js\calendar\core\01-foundation.js,CanvasLib,zy,zy-calendar-utility-dialog,1
C:\repositories\CanDoItAll\src\CanDoItAll.Components.CanvasLib\wwwroot\js\calendar\controller\02-controller-and-dom.js,CanvasLib,zy,zy-calendar-utility-footer,1
C:\repositories\CanDoItAll\src\CanDoItAll.Components.CanvasLib\wwwroot\js\calendar\core\01-foundation.js,CanvasLib,zy,zy-calendar-utility-footer,1
C:\repositories\CanDoItAll\src\CanDoItAll.Components.CanvasLib\wwwroot\js\calendar\controller\02-controller-and-dom.js,CanvasLib,zy,zy-calendar-utility-header,1
C:\repositories\CanDoItAll\src\CanDoItAll.Components.CanvasLib\wwwroot\js\calendar\core\01-foundation.js,CanvasLib,zy,zy-calendar-utility-header,1
C:\repositories\CanDoItAll\src\CanDoItAll.Components.CanvasLib\wwwroot\js\calendar\controller\02-controller-and-dom.js,CanvasLib,zy,zy-calendar-utility-list,1
C:\repositories\CanDoItAll\src\CanDoItAll.Components.CanvasLib\wwwroot\js\calendar\core\01-foundation.js,CanvasLib,zy,zy-calendar-utility-title,1
C:\repositories\CanDoItAll\src\CanDoItAll.Components.CanvasLib\wwwroot\js\calendar\controller\02-controller-and-dom.js,CanvasLib,zy,zy-calendar-view-switcher,1
C:\repositories\CanDoItAll\src\CanDoItAll.Components.CanvasLib\wwwroot\js\calendar\core\01-foundation.js,CanvasLib,zy,zy-canvas-calendar-styles,1
C:\repositories\CanDoItAll\src\CanDoItAll.Components.CanvasLib\Components\Shared\Assets\CanvasLibBodyAssets.razor,CanvasLib,zy,zy-canvas-primitives,1
C:\repositories\CanDoItAll\Tailwind\controls\buttons.css,Tailwind,zy,zy-card-button,1
C:\repositories\CanDoItAll\Tailwind\controls\buttons.css,Tailwind,zy,zy-card-button--ghost,1
C:\repositories\CanDoItAll\src\CanDoItAll.Components.BaseLib\Components\Buttons\Button.razor,BaseLib,zy,zy-card-button--ghost,1
C:\repositories\CanDoItAll\Tailwind\controls\buttons.css,Tailwind,zy,zy-card-button--warn,1
C:\repositories\CanDoItAll\src\CanDoItAll.Components.BaseLib\Components\Buttons\Button.razor,BaseLib,zy,zy-card-button--warn,1
C:\repositories\CanDoItAll\src\CanDoItAll.Components.BaseLib\Components\Forms\Compatibility\ProfileField.razor,BaseLib,zy,zy-seller-profile-field--compact,1
C:\repositories\CanDoItAll\src\CanDoItAll.Components.BaseLib\Components\Forms\Compatibility\ProfileField.razor,BaseLib,zy,zy-seller-profile-field--full,1
C:\repositories\CanDoItAll\src\CanDoItAll.Components.BaseLib\Components\Forms\Compatibility\ProfileField.razor,BaseLib,zy,zy-seller-profile-field--third,1
C:\repositories\CanDoItAll\src\CanDoItAll.Components.BaseLib\Components\Forms\Compatibility\ProfileToggle.razor,BaseLib,zy,zy-seller-profile-toggle--compact,1
C:\repositories\CanDoItAll\Tailwind\layout\sheets.css,Tailwind,zy,zy-sheet-card,1
C:\repositories\CanDoItAll\Tailwind\layout\sheets.css,Tailwind,zy,zy-sheet-card--package,1
C:\repositories\CanDoItAll\src\CanDoItAll.Components.BaseLib\Components\Cards\Compatibility\SheetCard.razor,BaseLib,zy,zy-sheet-card--package,1
C:\repositories\CanDoItAll\Tailwind\layout\sheets.css,Tailwind,zy,zy-sheet-field,1
C:\repositories\CanDoItAll\Tailwind\layout\sheets.css,Tailwind,zy,zy-sheet-field--search,1
C:\repositories\CanDoItAll\Tailwind\layout\sheets.css,Tailwind,zy,zy-sheet-field--submit-wrap,1
C:\repositories\CanDoItAll\Tailwind\layout\sheets.css,Tailwind,zy,zy-sheet-field--tag,1
C:\repositories\CanDoItAll\Tailwind\layout\sheets.css,Tailwind,zy,zy-sheet-grid,1
C:\repositories\CanDoItAll\Tailwind\layout\sheets.css,Tailwind,zy,zy-sheet-grid--packages,1
C:\repositories\CanDoItAll\src\CanDoItAll.Components.BaseLib\Components\Cards\Compatibility\SheetGrid.razor,BaseLib,zy,zy-sheet-grid--packages,1
C:\repositories\CanDoItAll\src\CanDoItAll.Components.BaseLib\Components\Typography\SectionHeading.razor,BaseLib,zy,zy-sheet-heading,1
C:\repositories\CanDoItAll\Tailwind\layout\sheets.css,Tailwind,zy,zy-sheet-section,1
C:\repositories\CanDoItAll\src\CanDoItAll.Components.BaseLib\Components\Cards\Compatibility\SheetSection.razor,BaseLib,zy,zy-sheet-section,1
C:\repositories\CanDoItAll\Tailwind\layout\sheets.css,Tailwind,zy,zy-sheet-toolbar,1
C:\repositories\CanDoItAll\src\CanDoItAll.Components.BaseLib\Components\Navigation\Toolbar.razor,BaseLib,zy,zy-sheet-toolbar,1
C:\repositories\CanDoItAll\src\CanDoItAll.Components.BaseLib\Components\Navigation\ToolbarActions.razor,BaseLib,zy,zy-sheet-toolbar-actions,1
C:\repositories\CanDoItAll\Tailwind\layout\sheets.css,Tailwind,zy,zy-sheet-toolbar-fields,1
C:\repositories\CanDoItAll\src\CanDoItAll.Components.BaseLib\Components\Navigation\ToolbarFields.razor,BaseLib,zy,zy-sheet-toolbar-fields,1
C:\repositories\CanDoItAll\src\CanDoItAll.Components.BaseLib\Components\Navigation\ToolbarRow.razor,BaseLib,zy,zy-sheet-toolbar-row,1
C:\repositories\CanDoItAll\src\CanDoItAll.Components.BaseLib\Components\Cards\CardStatsWithNumber.razor,BaseLib,zy,zy-stat-card--lg,1
C:\repositories\CanDoItAll\src\CanDoItAll.Components.BaseLib\Components\Cards\CardStatsWithNumber.razor,BaseLib,zy,zy-stat-card--sm,1
C:\repositories\CanDoItAll\Tailwind\layout\stats.css,Tailwind,zy,zy-stat-card-row,1
C:\repositories\CanDoItAll\src\CanDoItAll.Components.BaseLib\Components\Cards\StatsCardRow.razor,BaseLib,zy,zy-stat-card-row,1
C:\repositories\CanDoItAll\src\CanDoItAll.Components.BaseLib\Components\Navigation\Tabs.razor,BaseLib,zy,zy-tabs-,1
C:\repositories\CanDoItAll\src\CanDoItAll.Components.BaseLib\Components\Navigation\Tabs.razor,BaseLib,zy,zy-tabs--horizontal,1
C:\repositories\CanDoItAll\src\CanDoItAll.Components.BaseLib\Components\Navigation\Tabs.razor,BaseLib,zy,zy-tabs--position-bottom,1
C:\repositories\CanDoItAll\src\CanDoItAll.Components.BaseLib\Components\Navigation\Tabs.razor.css,BaseLib,zy,zy-tabs--position-bottom,1
C:\repositories\CanDoItAll\src\CanDoItAll.Components.BaseLib\Components\Navigation\Tabs.razor,BaseLib,zy,zy-tabs--position-left,1
C:\repositories\CanDoItAll\src\CanDoItAll.Components.BaseLib\Components\Navigation\Tabs.razor,BaseLib,zy,zy-tabs--position-right,1
C:\repositories\CanDoItAll\src\CanDoItAll.Components.BaseLib\Components\Navigation\Tabs.razor,BaseLib,zy,zy-tabs--position-top,1
C:\repositories\CanDoItAll\src\CanDoItAll.Components.BaseLib\Components\Navigation\Tabs.razor,BaseLib,zy,zy-tabs--variant-modal-compact,1
C:\repositories\CanDoItAll\src\CanDoItAll.Components.BaseLib\Components\Navigation\Tabs.razor,BaseLib,zy,zy-tabs--variant-workspace-primary,1
C:\repositories\CanDoItAll\src\CanDoItAll.Components.BaseLib\Components\Navigation\Tabs.razor.css,BaseLib,zy,zy-tabs--variant-workspace-primary,1
C:\repositories\CanDoItAll\src\CanDoItAll.Components.BaseLib\Components\Navigation\Tabs.razor,BaseLib,zy,zy-tabs--variant-workspace-secondary,1
C:\repositories\CanDoItAll\src\CanDoItAll.Components.BaseLib\Components\Navigation\Tabs.razor.css,BaseLib,zy,zy-tabs--variant-workspace-secondary,1
C:\repositories\CanDoItAll\src\CanDoItAll.Components.BaseLib\Components\Navigation\Tabs.razor,BaseLib,zy,zy-tabs--variant-workspace-tertiary,1
C:\repositories\CanDoItAll\src\CanDoItAll.Components.BaseLib\Components\Navigation\Tabs.razor.css,BaseLib,zy,zy-tabs--variant-workspace-tertiary,1
C:\repositories\CanDoItAll\src\CanDoItAll.Components.BaseLib\Components\Navigation\Tabs.razor,BaseLib,zy,zy-tabs--variant-workstation,1
C:\repositories\CanDoItAll\src\CanDoItAll.Components.BaseLib\Components\Navigation\Tabs.razor,BaseLib,zy,zy-tabs--vertical,1
C:\repositories\CanDoItAll\src\CanDoItAll.Components.BaseLib\Components\Layout\WorkspaceSplit.razor,BaseLib,zy,zy-workspace-split,1
