Path,Area,Token,Count
C:\repositories\CanDoItAll\src\CanDoItAll.Modules.Prompts\Pages\PromptGalleryPage.razor,Modules,text-slate-950,9
C:\repositories\CanDoItAll\src\CanDoItAll.Components\Components\AppShell.razor,LegacyComponents,text-slate-400,8
C:\repositories\CanDoItAll\src\CanDoItAll.Modules.Workbench\Pages\ProjectCalendarPage.razor,Modules,text-slate-500,7
C:\repositories\CanDoItAll\src\CanDoItAll.Modules.Projects\Pages\Components\ProjectModalHost.razor,Modules,text-slate-600,7
C:\repositories\CanDoItAll\src\CanDoItAll.Modules.Prompts\Pages\PromptGalleryPage.razor,Modules,text-slate-600,7
C:\repositories\CanDoItAll\src\CanDoItAll.Modules.Workbench\Pages\ProjectCalendarPage.razor,Modules,text-slate-950,7
C:\repositories\CanDoItAll\Tailwind\navigation\tabs.css,Tailwind,border-slate-200,6
C:\repositories\CanDoItAll\Tailwind\surfaces\cards.css,Tailwind,border-slate-200,6
C:\repositories\CanDoItAll\src\CanDoItAll.Web\Components\Layout\MainLayout.razor,WebApp,text-slate-500,6
C:\repositories\CanDoItAll\Tailwind\surfaces\cards.css,Tailwind,bg-white,5
C:\repositories\CanDoItAll\src\CanDoItAll.Modules.Workbench\Pages\ProjectCalendarPage.razor,Modules,border-slate-200,5
C:\repositories\CanDoItAll\Tailwind\navigation\workbench-shell.css,Tailwind,border-white/80,5
C:\repositories\CanDoItAll\src\CanDoItAll.Components\Components\AppShell.razor,LegacyComponents,text-slate-500,5
C:\repositories\CanDoItAll\src\CanDoItAll.Modules.Prompts\Pages\PromptGalleryPage.razor,Modules,text-slate-500,5
C:\repositories\CanDoItAll\src\CanDoItAll.Web\Components\Layout\MainLayout.razor,WebApp,text-slate-900,5
C:\repositories\CanDoItAll\src\CanDoItAll.Modules.Projects\Pages\Components\ProjectModalHost.razor,Modules,text-slate-950,5
C:\repositories\CanDoItAll\Tailwind\navigation\workbench-shell.css,Tailwind,text-white,5
C:\repositories\CanDoItAll\Tailwind\controls\buttons.css,Tailwind,bg-slate-50,4
C:\repositories\CanDoItAll\Tailwind\navigation\tabs.css,Tailwind,bg-slate-50,4
C:\repositories\CanDoItAll\src\CanDoItAll.Modules.Workbench\Pages\ProjectCalendarPage.razor,Modules,bg-slate-50,4
C:\repositories\CanDoItAll\Tailwind\controls\buttons.css,Tailwind,bg-white,4
C:\repositories\CanDoItAll\Tailwind\navigation\tabs.css,Tailwind,bg-white,4
C:\repositories\CanDoItAll\src\CanDoItAll.Components.BaseLib\Components\Navigation\Compatibility\ImmersiveRibbonTabs.razor,BaseLib,bg-white,4
C:\repositories\CanDoItAll\src\CanDoItAll.Components.BaseLib\Components\Navigation\RibbonTabs.razor,BaseLib,bg-white,4
C:\repositories\CanDoItAll\src\CanDoItAll.Modules.Workbench\Pages\ProjectCalendarPage.razor,Modules,bg-white/85,4
C:\repositories\CanDoItAll\Tailwind\surfaces\admin.css,Tailwind,border-slate-200,4
C:\repositories\CanDoItAll\src\CanDoItAll.Components.BaseLib\Components\Navigation\Compatibility\ImmersiveRibbonTabs.razor,BaseLib,border-slate-200,4
C:\repositories\CanDoItAll\src\CanDoItAll.Components.BaseLib\Components\Navigation\RibbonTabs.razor,BaseLib,border-slate-200,4
C:\repositories\CanDoItAll\src\CanDoItAll.Components.CanvasLib\Components\Calendar\CalendarTimeGridRenderer.razor,CanvasLib,border-slate-200,4
C:\repositories\CanDoItAll\src\CanDoItAll.Components.BaseLib\Components\Navigation\Steps.razor,BaseLib,border-slate-200/80,4
C:\repositories\CanDoItAll\Tailwind\controls\buttons.css,Tailwind,border-slate-300,4
C:\repositories\CanDoItAll\src\CanDoItAll.Components.CanvasLib\Components\Calendar\CalendarSelectionPanel.razor,CanvasLib,text-slate-500,4
C:\repositories\CanDoItAll\src\CanDoItAll.Components.CanvasLib\Components\Calendar\CalendarSelectionPanel.razor,CanvasLib,text-slate-600,4
C:\repositories\CanDoItAll\Tailwind\controls\buttons.css,Tailwind,text-slate-700,4
C:\repositories\CanDoItAll\Tailwind\forms\fields.css,Tailwind,text-slate-700,4
C:\repositories\CanDoItAll\Tailwind\navigation\tabs.css,Tailwind,text-slate-700,4
C:\repositories\CanDoItAll\src\CanDoItAll.Components.BaseLib\Components\Typography\TextBlock.razor,BaseLib,text-slate-700,4
C:\repositories\CanDoItAll\src\CanDoItAll.Web\Components\Layout\MainLayout.razor,WebApp,text-slate-700,4
C:\repositories\CanDoItAll\src\CanDoItAll.Components.BaseLib\Components\Typography\TextBlock.razor,BaseLib,text-slate-900,4
C:\repositories\CanDoItAll\src\CanDoItAll.Components\Components\AppShell.razor,LegacyComponents,text-slate-900,4
C:\repositories\CanDoItAll\Tailwind\typography\text.css,Tailwind,text-slate-950,4
C:\repositories\CanDoItAll\src\CanDoItAll.Modules.Projects\Pages\Components\ProjectHierarchyModal.razor,Modules,text-slate-950,4
C:\repositories\CanDoItAll\src\CanDoItAll.Components\Components\AppShell.razor,LegacyComponents,text-white,4
C:\repositories\CanDoItAll\Tailwind\controls\buttons.css,Tailwind,bg-rose-50,3
C:\repositories\CanDoItAll\src\CanDoItAll.Components.BaseLib\Components\Feedback\LoadingState.razor,BaseLib,bg-slate-200,3
C:\repositories\CanDoItAll\Tailwind\navigation\workbench-shell.css,Tailwind,bg-slate-50,3
C:\repositories\CanDoItAll\Tailwind\surfaces\admin.css,Tailwind,bg-slate-50,3
C:\repositories\CanDoItAll\Tailwind\forms\fields.css,Tailwind,bg-white,3
C:\repositories\CanDoItAll\src\CanDoItAll.Components.Sandbox\Components\Pages\Inputs.razor,Sandbox,bg-white,3
C:\repositories\CanDoItAll\Tailwind\navigation\workbench-shell.css,Tailwind,bg-white/5,3
C:\repositories\CanDoItAll\src\CanDoItAll.Modules.Factory\Pages\PromptFactoryPage.razor,Modules,bg-white/85,3
C:\repositories\CanDoItAll\src\CanDoItAll.Components.BaseLib\Components\Lists\ListDetailShell.razor,BaseLib,border-slate-200,3
C:\repositories\CanDoItAll\src\CanDoItAll.Components.CanvasLib\Components\Calendar\CalendarSelectionPanel.razor,CanvasLib,border-slate-200,3
C:\repositories\CanDoItAll\src\CanDoItAll.Components.Sandbox\Components\Pages\Inputs.razor,Sandbox,border-slate-200,3
C:\repositories\CanDoItAll\src\CanDoItAll.Modules.Factory\Pages\PromptFactoryPage.razor,Modules,border-slate-200,3
C:\repositories\CanDoItAll\Tailwind\navigation\workbench-shell.css,Tailwind,shadow-slate-200/40,3
C:\repositories\CanDoItAll\Tailwind\controls\buttons.css,Tailwind,text-rose-700,3
C:\repositories\CanDoItAll\src\CanDoItAll.Components\Components\AppShell.razor,LegacyComponents,text-slate-200,3
C:\repositories\CanDoItAll\src\CanDoItAll.Components.BaseLib\Components\Typography\SmallText.razor,BaseLib,text-slate-500,3
C:\repositories\CanDoItAll\src\CanDoItAll.Components.BaseLib\Components\Typography\TextBlock.razor,BaseLib,text-slate-500,3
C:\repositories\CanDoItAll\src\CanDoItAll.Components.CanvasLib\Components\Calendar\CalendarEventEditorModal.razor,CanvasLib,text-slate-500,3
C:\repositories\CanDoItAll\src\CanDoItAll.Components\Components\AppTabStrip.razor,LegacyComponents,text-slate-500,3
C:\repositories\CanDoItAll\src\CanDoItAll.Modules.Factory\Pages\PromptFactoryPage.razor,Modules,text-slate-500,3
C:\repositories\CanDoItAll\Tailwind\surfaces\admin.css,Tailwind,text-slate-600,3
C:\repositories\CanDoItAll\src\CanDoItAll.Components.BaseLib\Components\Navigation\Steps.razor,BaseLib,text-slate-600,3
C:\repositories\CanDoItAll\src\CanDoItAll.Components.Sandbox\Components\Pages\CanvasBenchmark.razor,Sandbox,text-slate-600,3
C:\repositories\CanDoItAll\Tailwind\navigation\workbench-shell.css,Tailwind,text-slate-700,3
C:\repositories\CanDoItAll\src\CanDoItAll.Components\Components\TextBlock.razor,LegacyComponents,text-slate-700,3
C:\repositories\CanDoItAll\src\CanDoItAll.Modules.Projects\Pages\Components\ProjectModalHost.razor,Modules,text-slate-700,3
C:\repositories\CanDoItAll\src\CanDoItAll.Components.Sandbox\Components\Pages\CanvasBenchmark.razor,Sandbox,text-slate-900,3
C:\repositories\CanDoItAll\src\CanDoItAll.Components\Components\AppTabStrip.razor,LegacyComponents,text-slate-900,3
C:\repositories\CanDoItAll\src\CanDoItAll.Components\Components\TextBlock.razor,LegacyComponents,text-slate-900,3
C:\repositories\CanDoItAll\src\CanDoItAll.Modules.Workspace\Pages\Components\ProjectStructureAgentSettingsPanel.razor,Modules,text-slate-900,3
C:\repositories\CanDoItAll\src\CanDoItAll.Components.CanvasLib\Components\Calendar\CalendarSelectionPanel.razor,CanvasLib,text-slate-950,3
C:\repositories\CanDoItAll\src\CanDoItAll.Modules.Factory\Pages\PromptFactoryPage.razor,Modules,text-slate-950,3
C:\repositories\CanDoItAll\Tailwind\controls\buttons.css,Tailwind,bg-rose-100,2
C:\repositories\CanDoItAll\Tailwind\navigation\workbench-shell.css,Tailwind,bg-sky-400/15,2
C:\repositories\CanDoItAll\Tailwind\surfaces\overlays.css,Tailwind,bg-sky-600,2
C:\repositories\CanDoItAll\Tailwind\navigation\workbench-shell.css,Tailwind,bg-slate-100,2
C:\repositories\CanDoItAll\src\CanDoItAll.Components.BaseLib\Components\Cards\CardButton.razor,BaseLib,bg-slate-50,2
C:\repositories\CanDoItAll\src\CanDoItAll.Components.CanvasLib\Components\Calendar\CalendarSelectionPanel.razor,CanvasLib,bg-slate-50/85,2
C:\repositories\CanDoItAll\Tailwind\controls\buttons.css,Tailwind,bg-slate-800,2
C:\repositories\CanDoItAll\src\CanDoItAll.Components.BaseLib\Components\Cards\CardButton.razor,BaseLib,bg-slate-800,2
C:\repositories\CanDoItAll\Tailwind\controls\buttons.css,Tailwind,bg-slate-900,2
C:\repositories\CanDoItAll\src\CanDoItAll.Components.BaseLib\Components\Cards\CardButton.razor,BaseLib,bg-slate-900,2
C:\repositories\CanDoItAll\Tailwind\surfaces\admin.css,Tailwind,bg-white,2
C:\repositories\CanDoItAll\src\CanDoItAll.Components.BaseLib\Components\Cards\CardButton.razor,BaseLib,bg-white,2
C:\repositories\CanDoItAll\src\CanDoItAll.Components.BaseLib\Components\Cards\ParitySectionCard.razor,BaseLib,bg-white,2
C:\repositories\CanDoItAll\src\CanDoItAll.Components.BaseLib\Components\Cards\StatBox.razor,BaseLib,bg-white,2
C:\repositories\CanDoItAll\src\CanDoItAll.Components.BaseLib\Components\Forms\Compatibility\ProfileToggle.razor,BaseLib,bg-white,2
C:\repositories\CanDoItAll\src\CanDoItAll.Components.BaseLib\Components\Forms\Fieldset.razor,BaseLib,bg-white,2
C:\repositories\CanDoItAll\src\CanDoItAll.Components.BaseLib\Components\Modals\Dialog.razor,BaseLib,bg-white,2
C:\repositories\CanDoItAll\src\CanDoItAll.Components.CanvasLib\Components\Calendar\CalendarSelectionPanel.razor,CanvasLib,bg-white,2
C:\repositories\CanDoItAll\src\CanDoItAll.Components\Components\Fieldset.razor,LegacyComponents,bg-white,2
C:\repositories\CanDoItAll\src\CanDoItAll.Components\Components\Steps.razor,LegacyComponents,bg-white,2
C:\repositories\CanDoItAll\src\CanDoItAll.Components\Components\AppShell.razor,LegacyComponents,bg-white/10,2
C:\repositories\CanDoItAll\Tailwind\navigation\workbench-shell.css,Tailwind,bg-white/88,2
C:\repositories\CanDoItAll\Tailwind\navigation\workbench-shell.css,Tailwind,bg-white/90,2
C:\repositories\CanDoItAll\Tailwind\controls\buttons.css,Tailwind,border-rose-300,2
C:\repositories\CanDoItAll\Tailwind\layout\stats.css,Tailwind,border-slate-200,2
C:\repositories\CanDoItAll\Tailwind\navigation\workbench-shell.css,Tailwind,border-slate-200,2
C:\repositories\CanDoItAll\src\CanDoItAll.Components.BaseLib\Components\Cards\ParitySectionCard.razor,BaseLib,border-slate-200,2
C:\repositories\CanDoItAll\src\CanDoItAll.Components.BaseLib\Components\Cards\StatBox.razor,BaseLib,border-slate-200,2
C:\repositories\CanDoItAll\src\CanDoItAll.Components.BaseLib\Components\DataVisualization\Chart.razor,BaseLib,border-slate-200,2
C:\repositories\CanDoItAll\src\CanDoItAll.Components.BaseLib\Components\Forms\Compatibility\ProfileToggle.razor,BaseLib,border-slate-200,2
C:\repositories\CanDoItAll\src\CanDoItAll.Components.BaseLib\Components\Forms\Fieldset.razor,BaseLib,border-slate-200,2
C:\repositories\CanDoItAll\src\CanDoItAll.Components.BaseLib\Components\Layout\StickyActionFooter.razor,BaseLib,border-slate-200,2
C:\repositories\CanDoItAll\src\CanDoItAll.Components.BaseLib\Components\Modals\Dialog.razor,BaseLib,border-slate-200,2
C:\repositories\CanDoItAll\src\CanDoItAll.Components.BaseLib\Components\Navigation\Steps.razor,BaseLib,border-slate-200,2
C:\repositories\CanDoItAll\src\CanDoItAll.Components.CanvasLib\Components\Calendar\CalendarMiniMonthNavigator.razor,CanvasLib,border-slate-200,2
C:\repositories\CanDoItAll\src\CanDoItAll.Components.Sandbox\Components\Pages\CanvasBenchmark.razor,Sandbox,border-slate-200,2
C:\repositories\CanDoItAll\src\CanDoItAll.Components\Components\Chart.razor,LegacyComponents,border-slate-200,2
C:\repositories\CanDoItAll\src\CanDoItAll.Components\Components\Fieldset.razor,LegacyComponents,border-slate-200,2
C:\repositories\CanDoItAll\src\CanDoItAll.Modules.Projects\Pages\Components\ProjectsBoard.razor,Modules,border-slate-200,2
C:\repositories\CanDoItAll\Tailwind\forms\fields.css,Tailwind,border-slate-300,2
C:\repositories\CanDoItAll\Tailwind\navigation\workbench-shell.css,Tailwind,border-slate-300,2
C:\repositories\CanDoItAll\src\CanDoItAll.Components.BaseLib\Components\Cards\CardButton.razor,BaseLib,border-slate-300,2
C:\repositories\CanDoItAll\src\CanDoItAll.Components.BaseLib\Components\DataVisualization\DataGrid.razor,BaseLib,border-slate-300,2
C:\repositories\CanDoItAll\src\CanDoItAll.Components\Components\DataGrid.razor,LegacyComponents,border-slate-300,2
C:\repositories\CanDoItAll\Tailwind\controls\buttons.css,Tailwind,border-slate-800,2
C:\repositories\CanDoItAll\Tailwind\controls\buttons.css,Tailwind,border-slate-900,2
C:\repositories\CanDoItAll\src\CanDoItAll.Modules.Projects\Pages\Components\ProjectsBoard.razor,Modules,border-white/70,2
C:\repositories\CanDoItAll\Tailwind\surfaces\cards.css,Tailwind,shadow-slate-200/40,2
C:\repositories\CanDoItAll\Tailwind\controls\buttons.css,Tailwind,text-amber-900,2
C:\repositories\CanDoItAll\Tailwind\controls\buttons.css,Tailwind,text-emerald-800,2
C:\repositories\CanDoItAll\Tailwind\controls\buttons.css,Tailwind,text-fuchsia-800,2
C:\repositories\CanDoItAll\src\CanDoItAll.Web\Components\Layout\MainLayout.razor,WebApp,text-rose-700,2
C:\repositories\CanDoItAll\src\CanDoItAll.Components\Components\AppShell.razor,LegacyComponents,text-sky-300,2
C:\repositories\CanDoItAll\Tailwind\controls\buttons.css,Tailwind,text-sky-800,2
C:\repositories\CanDoItAll\Tailwind\navigation\treeview.css,Tailwind,text-slate-100,2
C:\repositories\CanDoItAll\Tailwind\navigation\workbench-shell.css,Tailwind,text-slate-300,2
C:\repositories\CanDoItAll\Tailwind\forms\fields.css,Tailwind,text-slate-400,2
C:\repositories\CanDoItAll\src\CanDoItAll.Components.BaseLib\Components\Forms\Compatibility\SheetField.razor,BaseLib,text-slate-400,2
C:\repositories\CanDoItAll\src\CanDoItAll.Components.BaseLib\Components\Navigation\Steps.razor,BaseLib,text-slate-400,2
C:\repositories\CanDoItAll\src\CanDoItAll.Web\Components\Layout\MainLayout.razor,WebApp,text-slate-400,2
C:\repositories\CanDoItAll\Tailwind\navigation\treeview.css,Tailwind,text-slate-500,2
C:\repositories\CanDoItAll\Tailwind\surfaces\admin.css,Tailwind,text-slate-500,2
C:\repositories\CanDoItAll\src\CanDoItAll.Modules.Activity\Pages\ActivityPage.razor,Modules,text-slate-500,2
C:\repositories\CanDoItAll\src\CanDoItAll.Modules.Automation\Pages\AutomationPage.razor,Modules,text-slate-500,2
C:\repositories\CanDoItAll\src\CanDoItAll.Modules.Projects\Pages\Components\ProjectsBoard.razor,Modules,text-slate-500,2
C:\repositories\CanDoItAll\Tailwind\layout\stats.css,Tailwind,text-slate-600,2
C:\repositories\CanDoItAll\Tailwind\navigation\tabs.css,Tailwind,text-slate-600,2
C:\repositories\CanDoItAll\src\CanDoItAll.Components.BaseLib\Components\DataVisualization\DataGrid.razor,BaseLib,text-slate-600,2
C:\repositories\CanDoItAll\src\CanDoItAll.Components.BaseLib\Components\Navigation\Compatibility\ImmersiveRibbonTabs.razor,BaseLib,text-slate-600,2
C:\repositories\CanDoItAll\src\CanDoItAll.Components.BaseLib\Components\Navigation\RibbonTabs.razor,BaseLib,text-slate-600,2
C:\repositories\CanDoItAll\src\CanDoItAll.Components.BaseLib\Components\Typography\TextBlock.razor,BaseLib,text-slate-600,2
C:\repositories\CanDoItAll\src\CanDoItAll.Components.CanvasLib\Components\Calendar\CalendarExportMenu.razor,CanvasLib,text-slate-600,2
C:\repositories\CanDoItAll\src\CanDoItAll.Components\Components\DataGrid.razor,LegacyComponents,text-slate-600,2
C:\repositories\CanDoItAll\src\CanDoItAll.Modules.Activity\Pages\ActivityPage.razor,Modules,text-slate-600,2
C:\repositories\CanDoItAll\src\CanDoItAll.Modules.Projects\Pages\Components\ProjectHierarchyModal.razor,Modules,text-slate-600,2
C:\repositories\CanDoItAll\src\CanDoItAll.Modules.Projects\Pages\Components\ProjectsBoard.razor,Modules,text-slate-600,2
C:\repositories\CanDoItAll\src\CanDoItAll.Modules.Validation\Pages\ValidationCenterPage.razor,Modules,text-slate-600,2
C:\repositories\CanDoItAll\src\CanDoItAll.Modules.Workspace\Pages\SettingsPage.razor,Modules,text-slate-600,2
C:\repositories\CanDoItAll\src\CanDoItAll.Web\Components\Pages\Home.razor,WebApp,text-slate-600,2
C:\repositories\CanDoItAll\Tailwind\navigation\treeview.css,Tailwind,text-slate-700,2
C:\repositories\CanDoItAll\Tailwind\surfaces\overlays.css,Tailwind,text-slate-700,2
C:\repositories\CanDoItAll\src\CanDoItAll.Components.BaseLib\Components\Cards\CardButton.razor,BaseLib,text-slate-700,2
C:\repositories\CanDoItAll\src\CanDoItAll.Components.BaseLib\Components\Forms\Compatibility\ProfileToggle.razor,BaseLib,text-slate-700,2
C:\repositories\CanDoItAll\src\CanDoItAll.Components.BaseLib\Components\Forms\Fieldset.razor,BaseLib,text-slate-700,2
C:\repositories\CanDoItAll\src\CanDoItAll.Components\Components\Fieldset.razor,LegacyComponents,text-slate-700,2
C:\repositories\CanDoItAll\Tailwind\surfaces\admin.css,Tailwind,text-slate-950,2
C:\repositories\CanDoItAll\src\CanDoItAll.Modules.Projects\Pages\Components\ProjectsBoard.razor,Modules,text-slate-950,2
C:\repositories\CanDoItAll\src\CanDoItAll.Modules.Validation\Pages\ValidationCenterPage.razor,Modules,text-slate-950,2
C:\repositories\CanDoItAll\src\CanDoItAll.Modules.Workspace\Pages\SettingsPage.razor,Modules,text-slate-950,2
C:\repositories\CanDoItAll\src\CanDoItAll.Components.BaseLib\Components\Navigation\Steps.razor,BaseLib,text-violet-700,2
C:\repositories\CanDoItAll\Tailwind\controls\buttons.css,Tailwind,text-white,2
C:\repositories\CanDoItAll\Tailwind\navigation\treeview.css,Tailwind,text-white,2
C:\repositories\CanDoItAll\src\CanDoItAll.Components.BaseLib\Components\Cards\CardButton.razor,BaseLib,text-white,2
C:\repositories\CanDoItAll\src\CanDoItAll.Components.BaseLib\Components\Navigation\SecondaryTabs.razor,BaseLib,text-white,2
C:\repositories\CanDoItAll\Tailwind\controls\buttons.css,Tailwind,bg-amber-100,1
C:\repositories\CanDoItAll\Tailwind\controls\buttons.css,Tailwind,bg-amber-200,1
C:\repositories\CanDoItAll\src\CanDoItAll.Components\Components\AppTabStrip.razor,LegacyComponents,bg-amber-400,1
C:\repositories\CanDoItAll\Tailwind\controls\buttons.css,Tailwind,bg-amber-50,1
C:\repositories\CanDoItAll\Tailwind\layout\stats.css,Tailwind,bg-amber-50,1
C:\repositories\CanDoItAll\src\CanDoItAll.Components.BaseLib\Components\Badges\Badge.razor,BaseLib,bg-amber-50,1
C:\repositories\CanDoItAll\src\CanDoItAll.Components.BaseLib\Components\Badges\StatusBadge.razor,BaseLib,bg-amber-50,1
C:\repositories\CanDoItAll\src\CanDoItAll.Components.BaseLib\Components\Feedback\Alert.razor,BaseLib,bg-amber-50,1
C:\repositories\CanDoItAll\src\CanDoItAll.Components.BaseLib\Components\Feedback\Notification.razor,BaseLib,bg-amber-50,1
C:\repositories\CanDoItAll\src\CanDoItAll.Components\Components\Alert.razor,LegacyComponents,bg-amber-50,1
C:\repositories\CanDoItAll\src\CanDoItAll.Components\Components\Notification.razor,LegacyComponents,bg-amber-50,1
C:\repositories\CanDoItAll\src\CanDoItAll.Components.BaseLib\Components\Cards\SummaryTile.razor,BaseLib,bg-amber-50/80,1
C:\repositories\CanDoItAll\src\CanDoItAll.Web\Components\Pages\Home.razor,WebApp,bg-amber-50/80,1
C:\repositories\CanDoItAll\src\CanDoItAll.Components.BaseLib\Components\Badges\Badge.razor,BaseLib,bg-cyan-50,1
C:\repositories\CanDoItAll\Tailwind\controls\buttons.css,Tailwind,bg-emerald-100,1
C:\repositories\CanDoItAll\src\CanDoItAll.Components.CanvasLib\Components\Calendar\CalendarCrudBridge.razor,CanvasLib,bg-emerald-100,1
C:\repositories\CanDoItAll\Tailwind\controls\buttons.css,Tailwind,bg-emerald-200,1
C:\repositories\CanDoItAll\Tailwind\controls\buttons.css,Tailwind,bg-emerald-50,1
C:\repositories\CanDoItAll\Tailwind\layout\stats.css,Tailwind,bg-emerald-50,1
C:\repositories\CanDoItAll\src\CanDoItAll.Components.BaseLib\Components\Badges\Badge.razor,BaseLib,bg-emerald-50,1
C:\repositories\CanDoItAll\src\CanDoItAll.Components.BaseLib\Components\Badges\StatusBadge.razor,BaseLib,bg-emerald-50,1
C:\repositories\CanDoItAll\src\CanDoItAll.Components.BaseLib\Components\Cards\PriceBar.razor,BaseLib,bg-emerald-50,1
C:\repositories\CanDoItAll\src\CanDoItAll.Components.BaseLib\Components\Feedback\Alert.razor,BaseLib,bg-emerald-50,1
C:\repositories\CanDoItAll\src\CanDoItAll.Components.BaseLib\Components\Feedback\Notification.razor,BaseLib,bg-emerald-50,1
C:\repositories\CanDoItAll\src\CanDoItAll.Components.BaseLib\Components\Navigation\Steps.razor,BaseLib,bg-emerald-50,1
C:\repositories\CanDoItAll\src\CanDoItAll.Components\Components\Alert.razor,LegacyComponents,bg-emerald-50,1
C:\repositories\CanDoItAll\src\CanDoItAll.Components\Components\Notification.razor,LegacyComponents,bg-emerald-50,1
C:\repositories\CanDoItAll\src\CanDoItAll.Components\Components\Steps.razor,LegacyComponents,bg-emerald-50,1
C:\repositories\CanDoItAll\src\CanDoItAll.Components.BaseLib\Components\Navigation\Steps.razor,BaseLib,bg-emerald-50/40,1
C:\repositories\CanDoItAll\src\CanDoItAll.Components.BaseLib\Components\Cards\SummaryTile.razor,BaseLib,bg-emerald-50/80,1
C:\repositories\CanDoItAll\src\CanDoItAll.Components.BaseLib\Components\Feedback\Callout.razor,BaseLib,bg-emerald-50/80,1
C:\repositories\CanDoItAll\Tailwind\controls\buttons.css,Tailwind,bg-fuchsia-100,1
C:\repositories\CanDoItAll\Tailwind\controls\buttons.css,Tailwind,bg-fuchsia-200,1
C:\repositories\CanDoItAll\Tailwind\controls\buttons.css,Tailwind,bg-fuchsia-50,1
C:\repositories\CanDoItAll\src\CanDoItAll.Components.BaseLib\Components\Badges\Badge.razor,BaseLib,bg-fuchsia-50,1
C:\repositories\CanDoItAll\src\CanDoItAll.Components.BaseLib\Components\Feedback\Alert.razor,BaseLib,bg-fuchsia-50,1
C:\repositories\CanDoItAll\src\CanDoItAll.Components\Components\Alert.razor,LegacyComponents,bg-fuchsia-50,1
C:\repositories\CanDoItAll\src\CanDoItAll.Components\Components\Steps.razor,LegacyComponents,bg-indigo-100,1
C:\repositories\CanDoItAll\src\CanDoItAll.Components\Components\Tabs.razor,LegacyComponents,bg-indigo-100,1
C:\repositories\CanDoItAll\src\CanDoItAll.Components.BaseLib\Components\DataVisualization\ProgressBar.razor,BaseLib,bg-indigo-500,1
C:\repositories\CanDoItAll\src\CanDoItAll.Components.BaseLib\Components\Forms\Switch.razor,BaseLib,bg-indigo-500,1
C:\repositories\CanDoItAll\src\CanDoItAll.Components\Components\ProgressBar.razor,LegacyComponents,bg-indigo-500,1
C:\repositories\CanDoItAll\src\CanDoItAll.Components\Components\Switch.razor,LegacyComponents,bg-indigo-500,1
C:\repositories\CanDoItAll\src\CanDoItAll.Components.BaseLib\Components\Feedback\Alert.razor,BaseLib,bg-red-50,1
C:\repositories\CanDoItAll\src\CanDoItAll.Components.BaseLib\Components\Feedback\Notification.razor,BaseLib,bg-red-50,1
C:\repositories\CanDoItAll\src\CanDoItAll.Components\Components\Alert.razor,LegacyComponents,bg-red-50,1
C:\repositories\CanDoItAll\src\CanDoItAll.Components\Components\Notification.razor,LegacyComponents,bg-red-50,1
C:\repositories\CanDoItAll\src\CanDoItAll.Components.BaseLib\Components\Badges\StatusBadge.razor,BaseLib,bg-rose-50,1
C:\repositories\CanDoItAll\src\CanDoItAll.Components.BaseLib\Components\Cards\SummaryTile.razor,BaseLib,bg-rose-50/80,1
C:\repositories\CanDoItAll\Tailwind\controls\buttons.css,Tailwind,bg-sky-100,1
C:\repositories\CanDoItAll\src\CanDoItAll.Components.CanvasLib\Components\Calendar\CalendarExportMenu.razor,CanvasLib,bg-sky-100,1
C:\repositories\CanDoItAll\src\CanDoItAll.Components.CanvasLib\Components\Calendar\CalendarMiniMonthNavigator.razor,CanvasLib,bg-sky-100,1
C:\repositories\CanDoItAll\Tailwind\controls\buttons.css,Tailwind,bg-sky-200,1
C:\repositories\CanDoItAll\Tailwind\navigation\workbench-shell.css,Tailwind,bg-sky-400/10,1
C:\repositories\CanDoItAll\Tailwind\navigation\treeview.css,Tailwind,bg-sky-400/20,1
C:\repositories\CanDoItAll\Tailwind\controls\buttons.css,Tailwind,bg-sky-50,1
C:\repositories\CanDoItAll\Tailwind\layout\stats.css,Tailwind,bg-sky-50,1
C:\repositories\CanDoItAll\Tailwind\navigation\tabs.css,Tailwind,bg-sky-50,1
C:\repositories\CanDoItAll\Tailwind\navigation\treeview.css,Tailwind,bg-sky-50,1
C:\repositories\CanDoItAll\Tailwind\navigation\workbench-shell.css,Tailwind,bg-sky-50,1
C:\repositories\CanDoItAll\src\CanDoItAll.Components.BaseLib\Components\Badges\Badge.razor,BaseLib,bg-sky-50,1
C:\repositories\CanDoItAll\src\CanDoItAll.Components.BaseLib\Components\Badges\StatusBadge.razor,BaseLib,bg-sky-50,1
C:\repositories\CanDoItAll\src\CanDoItAll.Components.BaseLib\Components\Feedback\Alert.razor,BaseLib,bg-sky-50,1
C:\repositories\CanDoItAll\src\CanDoItAll.Components.BaseLib\Components\Feedback\Notification.razor,BaseLib,bg-sky-50,1
C:\repositories\CanDoItAll\src\CanDoItAll.Components\Components\Alert.razor,LegacyComponents,bg-sky-50,1
C:\repositories\CanDoItAll\src\CanDoItAll.Components\Components\Notification.razor,LegacyComponents,bg-sky-50,1
C:\repositories\CanDoItAll\src\CanDoItAll.Components\Components\TunableComponentBoundary.razor,LegacyComponents,bg-sky-50,1
C:\repositories\CanDoItAll\src\CanDoItAll.Components.BaseLib\Components\Cards\ActionCard.razor,BaseLib,bg-sky-50/70,1
C:\repositories\CanDoItAll\src\CanDoItAll.Modules.Resources\Pages\ResourcesPage.razor,Modules,bg-sky-50/70,1
C:\repositories\CanDoItAll\src\CanDoItAll.Components.BaseLib\Components\Cards\SummaryTile.razor,BaseLib,bg-sky-50/80,1
C:\repositories\CanDoItAll\src\CanDoItAll.Components.BaseLib\Components\Lists\SelectionListItem.razor,BaseLib,bg-sky-50/80,1
C:\repositories\CanDoItAll\src\CanDoItAll.Modules.Projects\Pages\Components\ProjectModalHost.razor,Modules,bg-sky-50/80,1
C:\repositories\CanDoItAll\Tailwind\surfaces\overlays.css,Tailwind,bg-sky-700,1
C:\repositories\CanDoItAll\Tailwind\controls\buttons.css,Tailwind,bg-slate-100,1
C:\repositories\CanDoItAll\Tailwind\navigation\tabs.css,Tailwind,bg-slate-100,1
C:\repositories\CanDoItAll\Tailwind\navigation\treeview.css,Tailwind,bg-slate-100,1
C:\repositories\CanDoItAll\src\CanDoItAll.Components.BaseLib\Components\Badges\Badge.razor,BaseLib,bg-slate-100,1
C:\repositories\CanDoItAll\src\CanDoItAll.Components.BaseLib\Components\Badges\StatusBadge.razor,BaseLib,bg-slate-100,1
C:\repositories\CanDoItAll\src\CanDoItAll.Components.BaseLib\Components\Identity\Avatar.razor,BaseLib,bg-slate-100,1
C:\repositories\CanDoItAll\src\CanDoItAll.Components.BaseLib\Components\Navigation\SecondaryTabs.razor,BaseLib,bg-slate-100,1
C:\repositories\CanDoItAll\src\CanDoItAll.Components.BaseLib\Components\Navigation\Steps.razor,BaseLib,bg-slate-100,1
C:\repositories\CanDoItAll\src\CanDoItAll.Components.CanvasLib\Components\Calendar\CalendarCrudBridge.razor,CanvasLib,bg-slate-100,1
C:\repositories\CanDoItAll\src\CanDoItAll.Components.CanvasLib\Components\Calendar\CalendarExportMenu.razor,CanvasLib,bg-slate-100,1
C:\repositories\CanDoItAll\src\CanDoItAll.Components.CanvasLib\Components\Calendar\CalendarMiniMonthNavigator.razor,CanvasLib,bg-slate-100,1
C:\repositories\CanDoItAll\src\CanDoItAll.Components.CanvasLib\Components\Calendar\CalendarSelectionPanel.razor,CanvasLib,bg-slate-100,1
C:\repositories\CanDoItAll\src\CanDoItAll.Components\Components\Tabs.razor,LegacyComponents,bg-slate-100,1
C:\repositories\CanDoItAll\src\CanDoItAll.Components.BaseLib\Components\Navigation\Steps.razor,BaseLib,bg-slate-100/50,1
C:\repositories\CanDoItAll\Tailwind\navigation\tabs.css,Tailwind,bg-slate-100/80,1
C:\repositories\CanDoItAll\Tailwind\navigation\tabs.css,Tailwind,bg-slate-200,1
C:\repositories\CanDoItAll\Tailwind\navigation\treeview.css,Tailwind,bg-slate-200,1
C:\repositories\CanDoItAll\src\CanDoItAll.Components.BaseLib\Components\DataVisualization\ProgressBar.razor,BaseLib,bg-slate-200,1
C:\repositories\CanDoItAll\src\CanDoItAll.Components.BaseLib\Components\Forms\Slider.razor,BaseLib,bg-slate-200,1
C:\repositories\CanDoItAll\src\CanDoItAll.Components.BaseLib\Components\Navigation\Steps.razor,BaseLib,bg-slate-200,1
C:\repositories\CanDoItAll\src\CanDoItAll.Components.BaseLib\Components\Typography\Divider.razor,BaseLib,bg-slate-200,1
C:\repositories\CanDoItAll\src\CanDoItAll.Components\Components\ProgressBar.razor,LegacyComponents,bg-slate-200,1
C:\repositories\CanDoItAll\src\CanDoItAll.Components\Components\Slider.razor,LegacyComponents,bg-slate-200,1
C:\repositories\CanDoItAll\src\CanDoItAll.Components.BaseLib\Components\Forms\Switch.razor,BaseLib,bg-slate-300,1
C:\repositories\CanDoItAll\src\CanDoItAll.Components.BaseLib\Components\Navigation\Steps.razor,BaseLib,bg-slate-300,1
C:\repositories\CanDoItAll\src\CanDoItAll.Components\Components\Steps.razor,LegacyComponents,bg-slate-300,1
C:\repositories\CanDoItAll\src\CanDoItAll.Components\Components\Switch.razor,LegacyComponents,bg-slate-300,1
C:\repositories\CanDoItAll\Tailwind\forms\fields.css,Tailwind,bg-slate-50,1
C:\repositories\CanDoItAll\Tailwind\layout\stats.css,Tailwind,bg-slate-50,1
C:\repositories\CanDoItAll\Tailwind\navigation\treeview.css,Tailwind,bg-slate-50,1
C:\repositories\CanDoItAll\Tailwind\surfaces\cards.css,Tailwind,bg-slate-50,1
C:\repositories\CanDoItAll\src\CanDoItAll.Components.BaseLib\Components\Cards\Compatibility\SheetNote.razor,BaseLib,bg-slate-50,1
C:\repositories\CanDoItAll\src\CanDoItAll.Components.BaseLib\Components\Cards\PriceBar.razor,BaseLib,bg-slate-50,1
C:\repositories\CanDoItAll\src\CanDoItAll.Components.BaseLib\Components\DataVisualization\Chart.razor,BaseLib,bg-slate-50,1
C:\repositories\CanDoItAll\src\CanDoItAll.Components.BaseLib\Components\DataVisualization\DataGrid.razor,BaseLib,bg-slate-50,1
C:\repositories\CanDoItAll\src\CanDoItAll.Components.BaseLib\Components\Feedback\Alert.razor,BaseLib,bg-slate-50,1
C:\repositories\CanDoItAll\src\CanDoItAll.Components.BaseLib\Components\Forms\Compatibility\DebugToggle.razor,BaseLib,bg-slate-50,1
C:\repositories\CanDoItAll\src\CanDoItAll.Components.BaseLib\Components\Lists\SelectionListItem.razor,BaseLib,bg-slate-50,1
C:\repositories\CanDoItAll\src\CanDoItAll.Components.BaseLib\Components\Modals\Dialog.razor,BaseLib,bg-slate-50,1
C:\repositories\CanDoItAll\src\CanDoItAll.Components.BaseLib\Components\Navigation\Compatibility\ImmersiveRibbonTabs.razor,BaseLib,bg-slate-50,1
C:\repositories\CanDoItAll\src\CanDoItAll.Components.BaseLib\Components\Navigation\RibbonTabs.razor,BaseLib,bg-slate-50,1
C:\repositories\CanDoItAll\src\CanDoItAll.Components.BaseLib\Components\Navigation\SecondaryTabs.razor,BaseLib,bg-slate-50,1
C:\repositories\CanDoItAll\src\CanDoItAll.Components.CanvasLib\Components\Calendar\CalendarEventEditorModal.razor,CanvasLib,bg-slate-50,1
C:\repositories\CanDoItAll\src\CanDoItAll.Components.Sandbox\Components\Pages\CanvasBenchmark.razor,Sandbox,bg-slate-50,1
C:\repositories\CanDoItAll\src\CanDoItAll.Components\Components\Alert.razor,LegacyComponents,bg-slate-50,1
C:\repositories\CanDoItAll\src\CanDoItAll.Components\Components\Chart.razor,LegacyComponents,bg-slate-50,1
C:\repositories\CanDoItAll\src\CanDoItAll.Components\Components\DataGrid.razor,LegacyComponents,bg-slate-50,1
C:\repositories\CanDoItAll\src\CanDoItAll.Components\Components\Steps.razor,LegacyComponents,bg-slate-50,1
C:\repositories\CanDoItAll\src\CanDoItAll.Modules.Projects\Pages\Components\ProjectModalHost.razor,Modules,bg-slate-50,1
C:\repositories\CanDoItAll\src\CanDoItAll.Modules.Workbench\Components\ProjectEventsCalendar.razor,Modules,bg-slate-50,1
C:\repositories\CanDoItAll\src\CanDoItAll.Modules.Workbench\Components\ProjectStructureCanvas.razor,Modules,bg-slate-50,1
C:\repositories\CanDoItAll\src\CanDoItAll.Components.BaseLib\Components\Navigation\Steps.razor,BaseLib,bg-slate-50/70,1
C:\repositories\CanDoItAll\Tailwind\navigation\tabs.css,Tailwind,bg-slate-50/80,1
C:\repositories\CanDoItAll\Tailwind\surfaces\cards.css,Tailwind,bg-slate-50/80,1
C:\repositories\CanDoItAll\src\CanDoItAll.Components.BaseLib\Components\Feedback\Callout.razor,BaseLib,bg-slate-50/80,1
C:\repositories\CanDoItAll\src\CanDoItAll.Components.BaseLib\Components\Feedback\EmptyState.razor,BaseLib,bg-slate-50/80,1
C:\repositories\CanDoItAll\src\CanDoItAll.Components.BaseLib\Components\Feedback\LoadingState.razor,BaseLib,bg-slate-50/80,1
C:\repositories\CanDoItAll\src\CanDoItAll.Components.BaseLib\Components\Forms\FormSection.razor,BaseLib,bg-slate-50/80,1
C:\repositories\CanDoItAll\src\CanDoItAll.Components.BaseLib\Components\Layout\WorkspacePanel.razor,BaseLib,bg-slate-50/80,1
C:\repositories\CanDoItAll\src\CanDoItAll.Components.BaseLib\Components\Lists\FactTable.razor,BaseLib,bg-slate-50/80,1
C:\repositories\CanDoItAll\src\CanDoItAll.Components.Sandbox\Components\Pages\Canvas.razor,Sandbox,bg-slate-50/80,1
C:\repositories\CanDoItAll\src\CanDoItAll.Components.Sandbox\Components\Pages\CanvasBenchmark.razor,Sandbox,bg-slate-50/80,1
C:\repositories\CanDoItAll\src\CanDoItAll.Components.Sandbox\Components\Pages\Overlays.razor,Sandbox,bg-slate-50/80,1
C:\repositories\CanDoItAll\Tailwind\surfaces\cards.css,Tailwind,bg-slate-50/85,1
C:\repositories\CanDoItAll\src\CanDoItAll.Components.CanvasLib\Components\Calendar\CalendarMiniMonthNavigator.razor,CanvasLib,bg-slate-50/85,1
C:\repositories\CanDoItAll\src\CanDoItAll.Components.CanvasLib\Components\Calendar\CalendarTimeGridRenderer.razor,CanvasLib,bg-slate-50/85,1
C:\repositories\CanDoItAll\src\CanDoItAll.Components.BaseLib\Components\Lists\SelectionListItem.razor,BaseLib,bg-slate-50/90,1
C:\repositories\CanDoItAll\src\CanDoItAll.Components.BaseLib\Components\Modals\Dialog.razor,BaseLib,bg-slate-50/90,1
C:\repositories\CanDoItAll\src\CanDoItAll.Components.BaseLib\Components\Navigation\FilterBar.razor,BaseLib,bg-slate-50/90,1
C:\repositories\CanDoItAll\src\CanDoItAll.Components.CanvasLib\Components\Calendar\CalendarEventEditorModal.razor,CanvasLib,bg-slate-50/90,1
C:\repositories\CanDoItAll\src\CanDoItAll.Components.BaseLib\Components\Navigation\Compatibility\ImmersiveRibbonTabs.razor,BaseLib,bg-slate-800,1
C:\repositories\CanDoItAll\src\CanDoItAll.Components.BaseLib\Components\Navigation\RibbonTabs.razor,BaseLib,bg-slate-800,1
C:\repositories\CanDoItAll\Tailwind\navigation\tabs.css,Tailwind,bg-slate-900,1
C:\repositories\CanDoItAll\Tailwind\navigation\workbench-shell.css,Tailwind,bg-slate-900,1
C:\repositories\CanDoItAll\src\CanDoItAll.Components.BaseLib\Components\Navigation\Compatibility\ImmersiveRibbonTabs.razor,BaseLib,bg-slate-900,1
C:\repositories\CanDoItAll\src\CanDoItAll.Components.BaseLib\Components\Navigation\RibbonTabs.razor,BaseLib,bg-slate-900,1
C:\repositories\CanDoItAll\src\CanDoItAll.Components.BaseLib\Components\Navigation\SecondaryTabs.razor,BaseLib,bg-slate-900,1
C:\repositories\CanDoItAll\src\CanDoItAll.Components.CanvasLib\Components\Calendar\CalendarEventEditorModal.razor,CanvasLib,bg-slate-900,1
C:\repositories\CanDoItAll\src\CanDoItAll.Components.CanvasLib\Components\Calendar\CalendarMiniMonthNavigator.razor,CanvasLib,bg-slate-900,1
C:\repositories\CanDoItAll\src\CanDoItAll.Modules.Workbench\Pages\ProjectCalendarPage.razor,Modules,bg-slate-900,1
C:\repositories\CanDoItAll\tests\CanDoItAll.Tests.Playwright\AppSmokeTests.cs,Tests,bg-slate-900,1
C:\repositories\CanDoItAll\Tailwind\navigation\treeview.css,Tailwind,bg-slate-900/45,1
C:\repositories\CanDoItAll\Tailwind\navigation\workbench-shell.css,Tailwind,bg-slate-950,1
C:\repositories\CanDoItAll\src\CanDoItAll.Components.Sandbox\Components\Pages\CanvasBenchmark.razor,Sandbox,bg-slate-950,1
C:\repositories\CanDoItAll\Tailwind\navigation\treeview.css,Tailwind,bg-slate-950/20,1
C:\repositories\CanDoItAll\src\CanDoItAll.Components.BaseLib\Components\Modals\Dialog.razor,BaseLib,bg-slate-950/55,1
C:\repositories\CanDoItAll\src\CanDoItAll.Components.BaseLib\Components\Badges\Badge.razor,BaseLib,bg-violet-50,1
C:\repositories\CanDoItAll\src\CanDoItAll.Components.BaseLib\Components\Badges\StatusBadge.razor,BaseLib,bg-violet-50,1
C:\repositories\CanDoItAll\src\CanDoItAll.Components.BaseLib\Components\Navigation\Steps.razor,BaseLib,bg-violet-500/80,1
C:\repositories\CanDoItAll\src\CanDoItAll.Components.BaseLib\Components\Navigation\Steps.razor,BaseLib,bg-violet-600,1
C:\repositories\CanDoItAll\Tailwind\layout\stats.css,Tailwind,bg-white,1
C:\repositories\CanDoItAll\Tailwind\navigation\workbench-shell.css,Tailwind,bg-white,1
C:\repositories\CanDoItAll\Tailwind\surfaces\overlays.css,Tailwind,bg-white,1
C:\repositories\CanDoItAll\src\CanDoItAll.Components.BaseLib\Components\Badges\Chip.razor,BaseLib,bg-white,1
C:\repositories\CanDoItAll\src\CanDoItAll.Components.BaseLib\Components\Cards\ActionCard.razor,BaseLib,bg-white,1
C:\repositories\CanDoItAll\src\CanDoItAll.Components.BaseLib\Components\Cards\AuthCard.razor,BaseLib,bg-white,1
C:\repositories\CanDoItAll\src\CanDoItAll.Components.BaseLib\Components\Cards\Compatibility\BuilderStatBox.razor,BaseLib,bg-white,1
C:\repositories\CanDoItAll\src\CanDoItAll.Components.BaseLib\Components\Cards\Compatibility\BuilderStatStrip.razor,BaseLib,bg-white,1
C:\repositories\CanDoItAll\src\CanDoItAll.Components.BaseLib\Components\DataVisualization\Chart.razor,BaseLib,bg-white,1
C:\repositories\CanDoItAll\src\CanDoItAll.Components.BaseLib\Components\Forms\DropDown.razor,BaseLib,bg-white,1
C:\repositories\CanDoItAll\src\CanDoItAll.Components.BaseLib\Components\Forms\Numeric.razor,BaseLib,bg-white,1
C:\repositories\CanDoItAll\src\CanDoItAll.Components.BaseLib\Components\Forms\Password.razor,BaseLib,bg-white,1
C:\repositories\CanDoItAll\src\CanDoItAll.Components.BaseLib\Components\Forms\SettingsSwitchRow.razor,BaseLib,bg-white,1
C:\repositories\CanDoItAll\src\CanDoItAll.Components.BaseLib\Components\Forms\TextArea.razor,BaseLib,bg-white,1
C:\repositories\CanDoItAll\src\CanDoItAll.Components.BaseLib\Components\Forms\TextBox.razor,BaseLib,bg-white,1
C:\repositories\CanDoItAll\src\CanDoItAll.Components.BaseLib\Components\Layout\WorkspacePanel.razor,BaseLib,bg-white,1
C:\repositories\CanDoItAll\src\CanDoItAll.Components.BaseLib\Components\Lists\ListItem.razor,BaseLib,bg-white,1
C:\repositories\CanDoItAll\src\CanDoItAll.Components.BaseLib\Components\Navigation\LegalToc.razor,BaseLib,bg-white,1
C:\repositories\CanDoItAll\src\CanDoItAll.Components.BaseLib\Components\Navigation\SecondaryTabs.razor,BaseLib,bg-white,1
C:\repositories\CanDoItAll\src\CanDoItAll.Components.BaseLib\Components\Navigation\Steps.razor,BaseLib,bg-white,1
C:\repositories\CanDoItAll\src\CanDoItAll.Components.CanvasLib\Components\Calendar\CalendarMiniMonthNavigator.razor,CanvasLib,bg-white,1
C:\repositories\CanDoItAll\src\CanDoItAll.Components.Sandbox\Components\Pages\CanvasBenchmark.razor,Sandbox,bg-white,1
C:\repositories\CanDoItAll\src\CanDoItAll.Components\Components\Card.razor,LegacyComponents,bg-white,1
C:\repositories\CanDoItAll\src\CanDoItAll.Components\Components\Chart.razor,LegacyComponents,bg-white,1
C:\repositories\CanDoItAll\src\CanDoItAll.Components\Components\DropDown.razor,LegacyComponents,bg-white,1
C:\repositories\CanDoItAll\src\CanDoItAll.Components\Components\Numeric.razor,LegacyComponents,bg-white,1
C:\repositories\CanDoItAll\src\CanDoItAll.Components\Components\Password.razor,LegacyComponents,bg-white,1
C:\repositories\CanDoItAll\src\CanDoItAll.Components\Components\TextArea.razor,LegacyComponents,bg-white,1
C:\repositories\CanDoItAll\src\CanDoItAll.Components\Components\TextBox.razor,LegacyComponents,bg-white,1
C:\repositories\CanDoItAll\src\CanDoItAll.Modules.Resources\Pages\ResourcesPage.razor,Modules,bg-white,1
C:\repositories\CanDoItAll\src\CanDoItAll.Modules.Validation\Pages\ValidationCenterPage.razor,Modules,bg-white,1
C:\repositories\CanDoItAll\Tailwind\navigation\treeview.css,Tailwind,bg-white/10,1
C:\repositories\CanDoItAll\Tailwind\navigation\workbench-shell.css,Tailwind,bg-white/10,1
C:\repositories\CanDoItAll\Tailwind\navigation\treeview.css,Tailwind,bg-white/12,1
C:\repositories\CanDoItAll\src\CanDoItAll.Components.BaseLib\Components\Navigation\SecondaryTabs.razor,BaseLib,bg-white/15,1
C:\repositories\CanDoItAll\src\CanDoItAll.Components.CanvasLib\Components\Calendar\CalendarMiniMonthNavigator.razor,CanvasLib,bg-white/60,1
C:\repositories\CanDoItAll\src\CanDoItAll.Components.CanvasLib\Components\Calendar\CalendarCrudBridge.razor,CanvasLib,bg-white/80,1
C:\repositories\CanDoItAll\src\CanDoItAll.Components.CanvasLib\Components\Calendar\CalendarExportMenu.razor,CanvasLib,bg-white/80,1
C:\repositories\CanDoItAll\src\CanDoItAll.Components.CanvasLib\Components\Calendar\CalendarEventEditorModal.razor,CanvasLib,bg-white/85,1
C:\repositories\CanDoItAll\src\CanDoItAll.Components.CanvasLib\Components\Calendar\CalendarMiniMonthNavigator.razor,CanvasLib,bg-white/85,1
C:\repositories\CanDoItAll\src\CanDoItAll.Components.CanvasLib\Components\Calendar\CalendarSelectionPanel.razor,CanvasLib,bg-white/85,1
C:\repositories\CanDoItAll\src\CanDoItAll.Components.CanvasLib\Components\Calendar\CalendarTimeGridRenderer.razor,CanvasLib,bg-white/85,1
C:\repositories\CanDoItAll\Tailwind\layout\stats.css,Tailwind,bg-white/90,1
C:\repositories\CanDoItAll\src\CanDoItAll.Components.BaseLib\Components\Cards\SectionCard.razor,BaseLib,bg-white/90,1
C:\repositories\CanDoItAll\src\CanDoItAll.Components.BaseLib\Components\Cards\SummaryTile.razor,BaseLib,bg-white/90,1
C:\repositories\CanDoItAll\src\CanDoItAll.Components.BaseLib\Components\Lists\ListDetailShell.razor,BaseLib,bg-white/90,1
C:\repositories\CanDoItAll\src\CanDoItAll.Components.CanvasLib\Components\Calendar\CalendarTimeGridRenderer.razor,CanvasLib,bg-white/90,1
C:\repositories\CanDoItAll\src\CanDoItAll.Modules.Projects\Pages\Components\ProjectsBoard.razor,Modules,bg-white/90,1
C:\repositories\CanDoItAll\Tailwind\navigation\workbench-shell.css,Tailwind,bg-white/92,1
C:\repositories\CanDoItAll\src\CanDoItAll.Modules.Projects\Pages\Components\ProjectsBoard.razor,Modules,bg-white/92,1
C:\repositories\CanDoItAll\src\CanDoItAll.Components.BaseLib\Components\Layout\StickyActionFooter.razor,BaseLib,bg-white/95,1
C:\repositories\CanDoItAll\src\CanDoItAll.Components.BaseLib\Components\Navigation\Steps.razor,BaseLib,bg-white/95,1
C:\repositories\CanDoItAll\Tailwind\layout\stats.css,Tailwind,border-amber-200,1
C:\repositories\CanDoItAll\src\CanDoItAll.Components.BaseLib\Components\Badges\Badge.razor,BaseLib,border-amber-200,1
C:\repositories\CanDoItAll\src\CanDoItAll.Components.BaseLib\Components\Badges\StatusBadge.razor,BaseLib,border-amber-200,1
C:\repositories\CanDoItAll\src\CanDoItAll.Components.BaseLib\Components\Cards\SummaryTile.razor,BaseLib,border-amber-200,1
C:\repositories\CanDoItAll\src\CanDoItAll.Modules.Projects\Pages\Components\ProjectsPresentation.cs,Modules,border-amber-200,1
C:\repositories\CanDoItAll\src\CanDoItAll.Web\Components\Pages\Home.razor,WebApp,border-amber-200,1
C:\repositories\CanDoItAll\Tailwind\controls\buttons.css,Tailwind,border-amber-300,1
C:\repositories\CanDoItAll\src\CanDoItAll.Components.BaseLib\Components\Feedback\Alert.razor,BaseLib,border-amber-300,1
C:\repositories\CanDoItAll\src\CanDoItAll.Components.BaseLib\Components\Feedback\Notification.razor,BaseLib,border-amber-300,1
C:\repositories\CanDoItAll\src\CanDoItAll.Components\Components\Alert.razor,LegacyComponents,border-amber-300,1
C:\repositories\CanDoItAll\src\CanDoItAll.Components\Components\Notification.razor,LegacyComponents,border-amber-300,1
C:\repositories\CanDoItAll\src\CanDoItAll.Components.BaseLib\Components\Badges\Badge.razor,BaseLib,border-cyan-200,1
C:\repositories\CanDoItAll\Tailwind\layout\stats.css,Tailwind,border-emerald-200,1
C:\repositories\CanDoItAll\src\CanDoItAll.Components.BaseLib\Components\Badges\Badge.razor,BaseLib,border-emerald-200,1
C:\repositories\CanDoItAll\src\CanDoItAll.Components.BaseLib\Components\Badges\StatusBadge.razor,BaseLib,border-emerald-200,1
C:\repositories\CanDoItAll\src\CanDoItAll.Components.BaseLib\Components\Cards\PriceBar.razor,BaseLib,border-emerald-200,1
C:\repositories\CanDoItAll\src\CanDoItAll.Components.BaseLib\Components\Cards\SummaryTile.razor,BaseLib,border-emerald-200,1
C:\repositories\CanDoItAll\src\CanDoItAll.Components.BaseLib\Components\Feedback\Callout.razor,BaseLib,border-emerald-200,1
C:\repositories\CanDoItAll\src\CanDoItAll.Modules.Projects\Pages\Components\ProjectsPresentation.cs,Modules,border-emerald-200,1
C:\repositories\CanDoItAll\Tailwind\controls\buttons.css,Tailwind,border-emerald-300,1
C:\repositories\CanDoItAll\src\CanDoItAll.Components.BaseLib\Components\Feedback\Alert.razor,BaseLib,border-emerald-300,1
C:\repositories\CanDoItAll\src\CanDoItAll.Components.BaseLib\Components\Feedback\Notification.razor,BaseLib,border-emerald-300,1
C:\repositories\CanDoItAll\src\CanDoItAll.Components.BaseLib\Components\Navigation\Steps.razor,BaseLib,border-emerald-300,1
C:\repositories\CanDoItAll\src\CanDoItAll.Components\Components\Alert.razor,LegacyComponents,border-emerald-300,1
C:\repositories\CanDoItAll\src\CanDoItAll.Components\Components\Notification.razor,LegacyComponents,border-emerald-300,1
C:\repositories\CanDoItAll\src\CanDoItAll.Components\Components\Steps.razor,LegacyComponents,border-emerald-300,1
C:\repositories\CanDoItAll\src\CanDoItAll.Components.BaseLib\Components\Badges\Badge.razor,BaseLib,border-fuchsia-200,1
C:\repositories\CanDoItAll\Tailwind\controls\buttons.css,Tailwind,border-fuchsia-300,1
C:\repositories\CanDoItAll\src\CanDoItAll.Components.BaseLib\Components\Feedback\Alert.razor,BaseLib,border-fuchsia-300,1
C:\repositories\CanDoItAll\src\CanDoItAll.Components\Components\Alert.razor,LegacyComponents,border-fuchsia-300,1
C:\repositories\CanDoItAll\src\CanDoItAll.Components\Components\Steps.razor,LegacyComponents,border-indigo-400,1
C:\repositories\CanDoItAll\src\CanDoItAll.Components.BaseLib\Components\Feedback\Alert.razor,BaseLib,border-red-300,1
C:\repositories\CanDoItAll\src\CanDoItAll.Components.BaseLib\Components\Feedback\Notification.razor,BaseLib,border-red-300,1
C:\repositories\CanDoItAll\src\CanDoItAll.Components\Components\Alert.razor,LegacyComponents,border-red-300,1
C:\repositories\CanDoItAll\src\CanDoItAll.Components\Components\Notification.razor,LegacyComponents,border-red-300,1
C:\repositories\CanDoItAll\src\CanDoItAll.Components.BaseLib\Components\Badges\StatusBadge.razor,BaseLib,border-rose-200,1
C:\repositories\CanDoItAll\src\CanDoItAll.Components.BaseLib\Components\Cards\SummaryTile.razor,BaseLib,border-rose-200,1
C:\repositories\CanDoItAll\Tailwind\layout\stats.css,Tailwind,border-sky-200,1
C:\repositories\CanDoItAll\Tailwind\navigation\treeview.css,Tailwind,border-sky-200,1
C:\repositories\CanDoItAll\Tailwind\navigation\workbench-shell.css,Tailwind,border-sky-200,1
C:\repositories\CanDoItAll\src\CanDoItAll.Components.BaseLib\Components\Badges\Badge.razor,BaseLib,border-sky-200,1
C:\repositories\CanDoItAll\src\CanDoItAll.Components.BaseLib\Components\Badges\StatusBadge.razor,BaseLib,border-sky-200,1
C:\repositories\CanDoItAll\src\CanDoItAll.Components.BaseLib\Components\Cards\ActionCard.razor,BaseLib,border-sky-200,1
C:\repositories\CanDoItAll\src\CanDoItAll.Components.BaseLib\Components\Cards\SummaryTile.razor,BaseLib,border-sky-200,1
C:\repositories\CanDoItAll\src\CanDoItAll.Components\Components\TunableComponentBoundary.razor,LegacyComponents,border-sky-200,1
C:\repositories\CanDoItAll\src\CanDoItAll.Modules.Projects\Pages\Components\ProjectModalHost.razor,Modules,border-sky-200,1
C:\repositories\CanDoItAll\src\CanDoItAll.Modules.Projects\Pages\Components\ProjectsPresentation.cs,Modules,border-sky-200,1
C:\repositories\CanDoItAll\src\CanDoItAll.Modules.Resources\Pages\ResourcesPage.razor,Modules,border-sky-200,1
C:\repositories\CanDoItAll\Tailwind\controls\buttons.css,Tailwind,border-sky-300,1
C:\repositories\CanDoItAll\src\CanDoItAll.Components.BaseLib\Components\Feedback\Alert.razor,BaseLib,border-sky-300,1
C:\repositories\CanDoItAll\src\CanDoItAll.Components.BaseLib\Components\Feedback\Notification.razor,BaseLib,border-sky-300,1
C:\repositories\CanDoItAll\src\CanDoItAll.Components.BaseLib\Components\Lists\SelectionListItem.razor,BaseLib,border-sky-300,1
C:\repositories\CanDoItAll\src\CanDoItAll.Components\Components\Alert.razor,LegacyComponents,border-sky-300,1
C:\repositories\CanDoItAll\src\CanDoItAll.Components\Components\Notification.razor,LegacyComponents,border-sky-300,1
C:\repositories\CanDoItAll\Tailwind\navigation\treeview.css,Tailwind,border-sky-300/40,1
C:\repositories\CanDoItAll\Tailwind\navigation\workbench-shell.css,Tailwind,border-sky-400/20,1
C:\repositories\CanDoItAll\Tailwind\layout\stats.css,Tailwind,border-slate-100,1
C:\repositories\CanDoItAll\src\CanDoItAll.Components.BaseLib\Components\DataVisualization\DataGrid.razor,BaseLib,border-slate-100,1
C:\repositories\CanDoItAll\src\CanDoItAll.Components\Components\DataGrid.razor,LegacyComponents,border-slate-100,1
C:\repositories\CanDoItAll\src\CanDoItAll.Modules.Workbench\Pages\Components\ProjectStructure\ProjectStructureNodeDetailPreview.razor,Modules,border-slate-100,1
C:\repositories\CanDoItAll\Tailwind\navigation\page-header.css,Tailwind,border-slate-200,1
C:\repositories\CanDoItAll\Tailwind\navigation\treeview.css,Tailwind,border-slate-200,1
C:\repositories\CanDoItAll\src\CanDoItAll.Components.BaseLib\Components\Badges\Badge.razor,BaseLib,border-slate-200,1
C:\repositories\CanDoItAll\src\CanDoItAll.Components.BaseLib\Components\Badges\Chip.razor,BaseLib,border-slate-200,1
C:\repositories\CanDoItAll\src\CanDoItAll.Components.BaseLib\Components\Badges\StatusBadge.razor,BaseLib,border-slate-200,1
C:\repositories\CanDoItAll\src\CanDoItAll.Components.BaseLib\Components\Cards\ActionCard.razor,BaseLib,border-slate-200,1
C:\repositories\CanDoItAll\src\CanDoItAll.Components.BaseLib\Components\Cards\AuthCard.razor,BaseLib,border-slate-200,1
C:\repositories\CanDoItAll\src\CanDoItAll.Components.BaseLib\Components\Cards\CardActions.razor,BaseLib,border-slate-200,1
C:\repositories\CanDoItAll\src\CanDoItAll.Components.BaseLib\Components\Cards\Compatibility\BuilderStatBox.razor,BaseLib,border-slate-200,1
C:\repositories\CanDoItAll\src\CanDoItAll.Components.BaseLib\Components\Cards\Compatibility\BuilderStatStrip.razor,BaseLib,border-slate-200,1
C:\repositories\CanDoItAll\src\CanDoItAll.Components.BaseLib\Components\Cards\Compatibility\SheetNote.razor,BaseLib,border-slate-200,1
C:\repositories\CanDoItAll\src\CanDoItAll.Components.BaseLib\Components\Cards\HeroCard.razor,BaseLib,border-slate-200,1
C:\repositories\CanDoItAll\src\CanDoItAll.Components.BaseLib\Components\Cards\PriceBar.razor,BaseLib,border-slate-200,1
C:\repositories\CanDoItAll\src\CanDoItAll.Components.BaseLib\Components\Cards\SectionCard.razor,BaseLib,border-slate-200,1
C:\repositories\CanDoItAll\src\CanDoItAll.Components.BaseLib\Components\Cards\SummaryTile.razor,BaseLib,border-slate-200,1
C:\repositories\CanDoItAll\src\CanDoItAll.Components.BaseLib\Components\DataVisualization\DataGrid.razor,BaseLib,border-slate-200,1
C:\repositories\CanDoItAll\src\CanDoItAll.Components.BaseLib\Components\Feedback\Alert.razor,BaseLib,border-slate-200,1
C:\repositories\CanDoItAll\src\CanDoItAll.Components.BaseLib\Components\Feedback\Callout.razor,BaseLib,border-slate-200,1
C:\repositories\CanDoItAll\src\CanDoItAll.Components.BaseLib\Components\Feedback\LoadingState.razor,BaseLib,border-slate-200,1
C:\repositories\CanDoItAll\src\CanDoItAll.Components.BaseLib\Components\Forms\Compatibility\DebugToggle.razor,BaseLib,border-slate-200,1
C:\repositories\CanDoItAll\src\CanDoItAll.Components.BaseLib\Components\Forms\FormSection.razor,BaseLib,border-slate-200,1
C:\repositories\CanDoItAll\src\CanDoItAll.Components.BaseLib\Components\Forms\SettingsSwitchRow.razor,BaseLib,border-slate-200,1
C:\repositories\CanDoItAll\src\CanDoItAll.Components.BaseLib\Components\Identity\Avatar.razor,BaseLib,border-slate-200,1
C:\repositories\CanDoItAll\src\CanDoItAll.Components.BaseLib\Components\Layout\WorkspacePanel.razor,BaseLib,border-slate-200,1
C:\repositories\CanDoItAll\src\CanDoItAll.Components.BaseLib\Components\Lists\FactTable.razor,BaseLib,border-slate-200,1
C:\repositories\CanDoItAll\src\CanDoItAll.Components.BaseLib\Components\Lists\ListItem.razor,BaseLib,border-slate-200,1
C:\repositories\CanDoItAll\src\CanDoItAll.Components.BaseLib\Components\Lists\SelectionListItem.razor,BaseLib,border-slate-200,1
C:\repositories\CanDoItAll\src\CanDoItAll.Components.BaseLib\Components\Navigation\FilterBar.razor,BaseLib,border-slate-200,1
C:\repositories\CanDoItAll\src\CanDoItAll.Components.BaseLib\Components\Navigation\LegalToc.razor,BaseLib,border-slate-200,1
C:\repositories\CanDoItAll\src\CanDoItAll.Components.BaseLib\Components\Navigation\SecondaryTabs.razor,BaseLib,border-slate-200,1
C:\repositories\CanDoItAll\src\CanDoItAll.Components.CanvasLib\Components\Calendar\CalendarCrudBridge.razor,CanvasLib,border-slate-200,1
C:\repositories\CanDoItAll\src\CanDoItAll.Components.CanvasLib\Components\Calendar\CalendarEventEditorModal.razor,CanvasLib,border-slate-200,1
C:\repositories\CanDoItAll\src\CanDoItAll.Components.CanvasLib\Components\Calendar\CalendarExportMenu.razor,CanvasLib,border-slate-200,1
C:\repositories\CanDoItAll\src\CanDoItAll.Components.Sandbox\Components\Pages\Canvas.razor,Sandbox,border-slate-200,1
C:\repositories\CanDoItAll\src\CanDoItAll.Components.Sandbox\Components\Pages\Overlays.razor,Sandbox,border-slate-200,1
C:\repositories\CanDoItAll\src\CanDoItAll.Components\Components\Alert.razor,LegacyComponents,border-slate-200,1
C:\repositories\CanDoItAll\src\CanDoItAll.Components\Components\Card.razor,LegacyComponents,border-slate-200,1
C:\repositories\CanDoItAll\src\CanDoItAll.Components\Components\DataGrid.razor,LegacyComponents,border-slate-200,1
C:\repositories\CanDoItAll\src\CanDoItAll.Components\Components\Steps.razor,LegacyComponents,border-slate-200,1
C:\repositories\CanDoItAll\src\CanDoItAll.Components\Components\Tabs.razor,LegacyComponents,border-slate-200,1
C:\repositories\CanDoItAll\src\CanDoItAll.Modules.Projects\Pages\Components\ProjectsPresentation.cs,Modules,border-slate-200,1
C:\repositories\CanDoItAll\src\CanDoItAll.Modules.Workbench\Components\ProjectEventsCalendar.razor,Modules,border-slate-200,1
C:\repositories\CanDoItAll\src\CanDoItAll.Modules.Workbench\Components\ProjectStructureCanvas.razor,Modules,border-slate-200,1
C:\repositories\CanDoItAll\Tailwind\navigation\tabs.css,Tailwind,border-slate-200/80,1
C:\repositories\CanDoItAll\Tailwind\navigation\tabs.css,Tailwind,border-slate-300,1
C:\repositories\CanDoItAll\Tailwind\surfaces\admin.css,Tailwind,border-slate-300,1
C:\repositories\CanDoItAll\Tailwind\surfaces\cards.css,Tailwind,border-slate-300,1
C:\repositories\CanDoItAll\src\CanDoItAll.Components.BaseLib\Components\Feedback\EmptyState.razor,BaseLib,border-slate-300,1
C:\repositories\CanDoItAll\src\CanDoItAll.Components.BaseLib\Components\Forms\CheckBox.razor,BaseLib,border-slate-300,1
C:\repositories\CanDoItAll\src\CanDoItAll.Components.BaseLib\Components\Forms\DropDown.razor,BaseLib,border-slate-300,1
C:\repositories\CanDoItAll\src\CanDoItAll.Components.BaseLib\Components\Forms\Numeric.razor,BaseLib,border-slate-300,1
C:\repositories\CanDoItAll\src\CanDoItAll.Components.BaseLib\Components\Forms\Password.razor,BaseLib,border-slate-300,1
C:\repositories\CanDoItAll\src\CanDoItAll.Components.BaseLib\Components\Forms\TextArea.razor,BaseLib,border-slate-300,1
C:\repositories\CanDoItAll\src\CanDoItAll.Components.BaseLib\Components\Forms\TextBox.razor,BaseLib,border-slate-300,1
C:\repositories\CanDoItAll\src\CanDoItAll.Components.BaseLib\Components\Layout\WorkspacePanel.razor,BaseLib,border-slate-300,1
C:\repositories\CanDoItAll\src\CanDoItAll.Components.BaseLib\Components\Lists\SelectionListItem.razor,BaseLib,border-slate-300,1
C:\repositories\CanDoItAll\src\CanDoItAll.Components.BaseLib\Components\Modals\Dialog.razor,BaseLib,border-slate-300,1
C:\repositories\CanDoItAll\src\CanDoItAll.Components.BaseLib\Components\Navigation\SecondaryTabs.razor,BaseLib,border-slate-300,1
C:\repositories\CanDoItAll\src\CanDoItAll.Components.CanvasLib\Components\Calendar\CalendarEventEditorModal.razor,CanvasLib,border-slate-300,1
C:\repositories\CanDoItAll\src\CanDoItAll.Components\Components\CheckBox.razor,LegacyComponents,border-slate-300,1
C:\repositories\CanDoItAll\src\CanDoItAll.Components\Components\DropDown.razor,LegacyComponents,border-slate-300,1
C:\repositories\CanDoItAll\src\CanDoItAll.Components\Components\Numeric.razor,LegacyComponents,border-slate-300,1
C:\repositories\CanDoItAll\src\CanDoItAll.Components\Components\Password.razor,LegacyComponents,border-slate-300,1
C:\repositories\CanDoItAll\src\CanDoItAll.Components\Components\Steps.razor,LegacyComponents,border-slate-300,1
C:\repositories\CanDoItAll\src\CanDoItAll.Components\Components\TextArea.razor,LegacyComponents,border-slate-300,1
C:\repositories\CanDoItAll\src\CanDoItAll.Components\Components\TextBox.razor,LegacyComponents,border-slate-300,1
C:\repositories\CanDoItAll\src\CanDoItAll.Modules.Projects\Pages\Components\ProjectsPresentation.cs,Modules,border-slate-300,1
C:\repositories\CanDoItAll\Tailwind\navigation\tabs.css,Tailwind,border-slate-400,1
C:\repositories\CanDoItAll\Tailwind\navigation\treeview.css,Tailwind,border-slate-600/40,1
C:\repositories\CanDoItAll\Tailwind\navigation\treeview.css,Tailwind,border-slate-800/20,1
C:\repositories\CanDoItAll\Tailwind\navigation\tabs.css,Tailwind,border-slate-900,1
C:\repositories\CanDoItAll\Tailwind\navigation\workbench-shell.css,Tailwind,border-slate-900,1
C:\repositories\CanDoItAll\src\CanDoItAll.Components.BaseLib\Components\Navigation\Compatibility\ImmersiveRibbonTabs.razor,BaseLib,border-slate-900,1
C:\repositories\CanDoItAll\src\CanDoItAll.Components.BaseLib\Components\Navigation\RibbonTabs.razor,BaseLib,border-slate-900,1
C:\repositories\CanDoItAll\src\CanDoItAll.Components.BaseLib\Components\Navigation\SecondaryTabs.razor,BaseLib,border-slate-900,1
C:\repositories\CanDoItAll\src\CanDoItAll.Components.BaseLib\Components\Badges\Badge.razor,BaseLib,border-violet-200,1
C:\repositories\CanDoItAll\src\CanDoItAll.Components.BaseLib\Components\Badges\StatusBadge.razor,BaseLib,border-violet-200,1
C:\repositories\CanDoItAll\src\CanDoItAll.Components.BaseLib\Components\Navigation\Steps.razor,BaseLib,border-violet-600,1
C:\repositories\CanDoItAll\Tailwind\navigation\workbench-shell.css,Tailwind,border-white/10,1
C:\repositories\CanDoItAll\Tailwind\navigation\workbench-shell.css,Tailwind,border-white/70,1
C:\repositories\CanDoItAll\Tailwind\surfaces\cards.css,Tailwind,border-white/70,1
C:\repositories\CanDoItAll\src\CanDoItAll.Components.BaseLib\Components\Modals\Dialog.razor,BaseLib,border-white/70,1
C:\repositories\CanDoItAll\src\CanDoItAll.Components.CanvasLib\Components\Calendar\CalendarExportMenu.razor,CanvasLib,ring-sky-200,1
C:\repositories\CanDoItAll\src\CanDoItAll.Components.BaseLib\Components\Cards\ActionCard.razor,BaseLib,shadow-sky-100,1
C:\repositories\CanDoItAll\src\CanDoItAll.Components.BaseLib\Components\Lists\SelectionListItem.razor,BaseLib,shadow-sky-100,1
C:\repositories\CanDoItAll\Tailwind\navigation\workbench-shell.css,Tailwind,shadow-slate-200/50,1
C:\repositories\CanDoItAll\Tailwind\surfaces\cards.css,Tailwind,shadow-slate-200/50,1
C:\repositories\CanDoItAll\src\CanDoItAll.Components.BaseLib\Components\Cards\SummaryTile.razor,BaseLib,shadow-slate-200/50,1
C:\repositories\CanDoItAll\Tailwind\forms\fields.css,Tailwind,shadow-slate-200/60,1
C:\repositories\CanDoItAll\Tailwind\navigation\workbench-shell.css,Tailwind,shadow-slate-200/60,1
C:\repositories\CanDoItAll\Tailwind\surfaces\cards.css,Tailwind,shadow-slate-200/60,1
C:\repositories\CanDoItAll\src\CanDoItAll.Components.BaseLib\Components\Cards\SectionCard.razor,BaseLib,shadow-slate-200/60,1
C:\repositories\CanDoItAll\src\CanDoItAll.Components.BaseLib\Components\Lists\ListDetailShell.razor,BaseLib,shadow-slate-200/60,1
C:\repositories\CanDoItAll\src\CanDoItAll.Modules.Projects\Pages\Components\ProjectsBoard.razor,Modules,shadow-slate-200/60,1
C:\repositories\CanDoItAll\Tailwind\surfaces\cards.css,Tailwind,shadow-slate-200/70,1
C:\repositories\CanDoItAll\Tailwind\controls\buttons.css,Tailwind,shadow-slate-300/50,1
C:\repositories\CanDoItAll\Tailwind\navigation\tabs.css,Tailwind,shadow-slate-900/10,1
C:\repositories\CanDoItAll\Tailwind\navigation\workbench-shell.css,Tailwind,shadow-slate-900/10,1
C:\repositories\CanDoItAll\Tailwind\surfaces\overlays.css,Tailwind,shadow-slate-950/20,1
C:\repositories\CanDoItAll\Tailwind\surfaces\cards.css,Tailwind,shadow-slate-950/25,1
C:\repositories\CanDoItAll\src\CanDoItAll.Components.BaseLib\Components\Modals\Dialog.razor,BaseLib,shadow-slate-950/25,1
C:\repositories\CanDoItAll\src\CanDoItAll.Components.BaseLib\Components\Navigation\Steps.razor,BaseLib,shadow-white,1
C:\repositories\CanDoItAll\Tailwind\layout\stats.css,Tailwind,text-amber-700,1
C:\repositories\CanDoItAll\src\CanDoItAll.Components.BaseLib\Components\Layout\StickyActionFooter.razor,BaseLib,text-amber-700,1
C:\repositories\CanDoItAll\src\CanDoItAll.Components.CanvasLib\Components\Calendar\CalendarEventEditorModal.razor,CanvasLib,text-amber-700,1
C:\repositories\CanDoItAll\src\CanDoItAll.Web\Components\Layout\MainLayout.razor,WebApp,text-amber-700,1
C:\repositories\CanDoItAll\src\CanDoItAll.Components.BaseLib\Components\Badges\Badge.razor,BaseLib,text-amber-800,1
C:\repositories\CanDoItAll\src\CanDoItAll.Components.BaseLib\Components\Badges\StatusBadge.razor,BaseLib,text-amber-800,1
C:\repositories\CanDoItAll\src\CanDoItAll.Components.BaseLib\Components\Feedback\Alert.razor,BaseLib,text-amber-900,1
C:\repositories\CanDoItAll\src\CanDoItAll.Components.BaseLib\Components\Feedback\Notification.razor,BaseLib,text-amber-900,1
C:\repositories\CanDoItAll\src\CanDoItAll.Components\Components\Alert.razor,LegacyComponents,text-amber-900,1
C:\repositories\CanDoItAll\src\CanDoItAll.Components\Components\Notification.razor,LegacyComponents,text-amber-900,1
C:\repositories\CanDoItAll\src\CanDoItAll.Web\Components\Pages\Home.razor,WebApp,text-amber-900,1
C:\repositories\CanDoItAll\src\CanDoItAll.Components.BaseLib\Components\Badges\Badge.razor,BaseLib,text-cyan-700,1
C:\repositories\CanDoItAll\Tailwind\layout\stats.css,Tailwind,text-emerald-700,1
C:\repositories\CanDoItAll\src\CanDoItAll.Components.BaseLib\Components\Badges\Badge.razor,BaseLib,text-emerald-700,1
C:\repositories\CanDoItAll\src\CanDoItAll.Components.BaseLib\Components\Badges\StatusBadge.razor,BaseLib,text-emerald-700,1
C:\repositories\CanDoItAll\src\CanDoItAll.Components.BaseLib\Components\Layout\StickyActionFooter.razor,BaseLib,text-emerald-700,1
C:\repositories\CanDoItAll\src\CanDoItAll.Components.BaseLib\Components\Navigation\Steps.razor,BaseLib,text-emerald-700,1
C:\repositories\CanDoItAll\src\CanDoItAll.Components.CanvasLib\Components\Calendar\CalendarCrudBridge.razor,CanvasLib,text-emerald-700,1
C:\repositories\CanDoItAll\src\CanDoItAll.Components.CanvasLib\Components\Calendar\CalendarEventEditorModal.razor,CanvasLib,text-emerald-700,1
C:\repositories\CanDoItAll\src\CanDoItAll.Modules.Factory\Pages\PromptFactoryPage.razor,Modules,text-emerald-700,1
C:\repositories\CanDoItAll\src\CanDoItAll.Web\Components\Layout\MainLayout.razor,WebApp,text-emerald-700,1
C:\repositories\CanDoItAll\src\CanDoItAll.Components.BaseLib\Components\Cards\PriceBar.razor,BaseLib,text-emerald-800,1
C:\repositories\CanDoItAll\src\CanDoItAll.Components.BaseLib\Components\Feedback\Alert.razor,BaseLib,text-emerald-900,1
C:\repositories\CanDoItAll\src\CanDoItAll.Components.BaseLib\Components\Feedback\Callout.razor,BaseLib,text-emerald-900,1
C:\repositories\CanDoItAll\src\CanDoItAll.Components.BaseLib\Components\Feedback\Notification.razor,BaseLib,text-emerald-900,1
C:\repositories\CanDoItAll\src\CanDoItAll.Components\Components\Alert.razor,LegacyComponents,text-emerald-900,1
C:\repositories\CanDoItAll\src\CanDoItAll.Components\Components\Notification.razor,LegacyComponents,text-emerald-900,1
C:\repositories\CanDoItAll\src\CanDoItAll.Components\Components\Steps.razor,LegacyComponents,text-emerald-900,1
C:\repositories\CanDoItAll\src\CanDoItAll.Components.BaseLib\Components\Badges\Badge.razor,BaseLib,text-fuchsia-700,1
C:\repositories\CanDoItAll\src\CanDoItAll.Components.BaseLib\Components\Feedback\Alert.razor,BaseLib,text-fuchsia-900,1
C:\repositories\CanDoItAll\src\CanDoItAll.Components\Components\Alert.razor,LegacyComponents,text-fuchsia-900,1
C:\repositories\CanDoItAll\src\CanDoItAll.Components.BaseLib\Components\Forms\CheckBox.razor,BaseLib,text-indigo-600,1
C:\repositories\CanDoItAll\src\CanDoItAll.Components\Components\CheckBox.razor,LegacyComponents,text-indigo-600,1
C:\repositories\CanDoItAll\src\CanDoItAll.Components\Components\Steps.razor,LegacyComponents,text-indigo-900,1
C:\repositories\CanDoItAll\src\CanDoItAll.Components\Components\Tabs.razor,LegacyComponents,text-indigo-900,1
C:\repositories\CanDoItAll\src\CanDoItAll.Components.BaseLib\Components\Feedback\Alert.razor,BaseLib,text-red-900,1
C:\repositories\CanDoItAll\src\CanDoItAll.Components.BaseLib\Components\Feedback\Notification.razor,BaseLib,text-red-900,1
C:\repositories\CanDoItAll\src\CanDoItAll.Components\Components\Alert.razor,LegacyComponents,text-red-900,1
C:\repositories\CanDoItAll\src\CanDoItAll.Components\Components\Notification.razor,LegacyComponents,text-red-900,1
C:\repositories\CanDoItAll\src\CanDoItAll.Components.BaseLib\Components\Badges\StatusBadge.razor,BaseLib,text-rose-700,1
C:\repositories\CanDoItAll\src\CanDoItAll.Components.BaseLib\Components\Layout\StickyActionFooter.razor,BaseLib,text-rose-700,1
C:\repositories\CanDoItAll\src\CanDoItAll.Modules.Automation\Pages\AutomationPage.razor,Modules,text-rose-700,1
C:\repositories\CanDoItAll\src\CanDoItAll.Modules.Factory\Pages\PromptFactoryPage.razor,Modules,text-rose-700,1
C:\repositories\CanDoItAll\src\CanDoItAll.Modules.Projects\Pages\Components\ProjectModalHost.razor,Modules,text-rose-700,1
C:\repositories\CanDoItAll\src\CanDoItAll.Components\Components\AppTabStrip.razor,LegacyComponents,text-sky-400,1
C:\repositories\CanDoItAll\Tailwind\layout\stats.css,Tailwind,text-sky-700,1
C:\repositories\CanDoItAll\Tailwind\navigation\tabs.css,Tailwind,text-sky-700,1
C:\repositories\CanDoItAll\Tailwind\navigation\workbench-shell.css,Tailwind,text-sky-700,1
C:\repositories\CanDoItAll\src\CanDoItAll.Components.BaseLib\Components\Badges\Badge.razor,BaseLib,text-sky-700,1
C:\repositories\CanDoItAll\src\CanDoItAll.Components.BaseLib\Components\Badges\StatusBadge.razor,BaseLib,text-sky-700,1
C:\repositories\CanDoItAll\src\CanDoItAll.Components.BaseLib\Components\Cards\Compatibility\SheetCardHeading.razor,BaseLib,text-sky-700,1
C:\repositories\CanDoItAll\src\CanDoItAll.Components.BaseLib\Components\Identity\CreatorSocialLink.razor,BaseLib,text-sky-700,1
C:\repositories\CanDoItAll\src\CanDoItAll.Components.BaseLib\Components\Layout\StickyActionFooter.razor,BaseLib,text-sky-700,1
C:\repositories\CanDoItAll\src\CanDoItAll.Components.CanvasLib\Components\Calendar\CalendarExportMenu.razor,CanvasLib,text-sky-700,1
C:\repositories\CanDoItAll\src\CanDoItAll.Components\Components\TunableComponentBoundary.razor,LegacyComponents,text-sky-700,1
C:\repositories\CanDoItAll\src\CanDoItAll.Modules.Validation\Pages\ValidationCenterPage.razor,Modules,text-sky-700,1
C:\repositories\CanDoItAll\src\CanDoItAll.Components.BaseLib\Components\Identity\CreatorSocialLink.razor,BaseLib,text-sky-800,1
C:\repositories\CanDoItAll\src\CanDoItAll.Components.CanvasLib\Components\Calendar\CalendarMiniMonthNavigator.razor,CanvasLib,text-sky-800,1
C:\repositories\CanDoItAll\src\CanDoItAll.Components.BaseLib\Components\Feedback\Alert.razor,BaseLib,text-sky-900,1
C:\repositories\CanDoItAll\src\CanDoItAll.Components.BaseLib\Components\Feedback\Notification.razor,BaseLib,text-sky-900,1
C:\repositories\CanDoItAll\src\CanDoItAll.Components\Components\Alert.razor,LegacyComponents,text-sky-900,1
C:\repositories\CanDoItAll\src\CanDoItAll.Components\Components\Notification.razor,LegacyComponents,text-sky-900,1
C:\repositories\CanDoItAll\src\CanDoItAll.Modules.Projects\Pages\Components\ProjectModalHost.razor,Modules,text-sky-900,1
C:\repositories\CanDoItAll\src\CanDoItAll.Modules.Resources\Pages\ResourcesPage.razor,Modules,text-sky-900,1
C:\repositories\CanDoItAll\Tailwind\navigation\treeview.css,Tailwind,text-sky-950,1
C:\repositories\CanDoItAll\src\CanDoItAll.Modules.Resources\Pages\ResourcesPage.razor,Modules,text-sky-950,1
C:\repositories\CanDoItAll\Tailwind\navigation\workbench-shell.css,Tailwind,text-slate-100,1
C:\repositories\CanDoItAll\Tailwind\navigation\treeview.css,Tailwind,text-slate-200,1
C:\repositories\CanDoItAll\Tailwind\navigation\treeview.css,Tailwind,text-slate-300,1
C:\repositories\CanDoItAll\src\CanDoItAll.Components\Components\AppShell.razor,LegacyComponents,text-slate-300,1
C:\repositories\CanDoItAll\Tailwind\layout\stats.css,Tailwind,text-slate-400,1
C:\repositories\CanDoItAll\src\CanDoItAll.Components.CanvasLib\Components\Calendar\CalendarMiniMonthNavigator.razor,CanvasLib,text-slate-400,1
C:\repositories\CanDoItAll\src\CanDoItAll.Components\Components\AppTabStrip.razor,LegacyComponents,text-slate-400,1
C:\repositories\CanDoItAll\src\CanDoItAll.Modules.Projects\Pages\Components\ProjectsBoard.razor,Modules,text-slate-400,1
C:\repositories\CanDoItAll\Tailwind\forms\fields.css,Tailwind,text-slate-500,1
C:\repositories\CanDoItAll\Tailwind\navigation\page-header.css,Tailwind,text-slate-500,1
C:\repositories\CanDoItAll\Tailwind\navigation\tabs.css,Tailwind,text-slate-500,1
C:\repositories\CanDoItAll\Tailwind\navigation\workbench-shell.css,Tailwind,text-slate-500,1
C:\repositories\CanDoItAll\Tailwind\typography\text.css,Tailwind,text-slate-500,1
C:\repositories\CanDoItAll\src\CanDoItAll.Components.BaseLib\Components\Cards\Compatibility\SheetCardHeading.razor,BaseLib,text-slate-500,1
C:\repositories\CanDoItAll\src\CanDoItAll.Components.BaseLib\Components\DataVisualization\Chart.razor,BaseLib,text-slate-500,1
C:\repositories\CanDoItAll\src\CanDoItAll.Components.BaseLib\Components\Feedback\EmptyState.razor,BaseLib,text-slate-500,1
C:\repositories\CanDoItAll\src\CanDoItAll.Components.BaseLib\Components\Feedback\LoadingState.razor,BaseLib,text-slate-500,1
C:\repositories\CanDoItAll\src\CanDoItAll.Components.BaseLib\Components\Lists\MetaList.razor,BaseLib,text-slate-500,1
C:\repositories\CanDoItAll\src\CanDoItAll.Components.BaseLib\Components\Lists\SelectionListItem.razor,BaseLib,text-slate-500,1
C:\repositories\CanDoItAll\src\CanDoItAll.Components.BaseLib\Components\Navigation\FilterBar.razor,BaseLib,text-slate-500,1
C:\repositories\CanDoItAll\src\CanDoItAll.Components.BaseLib\Components\Navigation\SecondaryTabs.razor,BaseLib,text-slate-500,1
C:\repositories\CanDoItAll\src\CanDoItAll.Components.BaseLib\Components\Typography\MutedInline.razor,BaseLib,text-slate-500,1
C:\repositories\CanDoItAll\src\CanDoItAll.Components.CanvasLib\Components\Calendar\CalendarCrudBridge.razor,CanvasLib,text-slate-500,1
C:\repositories\CanDoItAll\src\CanDoItAll.Components.CanvasLib\Components\Calendar\CalendarTimeGridRenderer.razor,CanvasLib,text-slate-500,1
C:\repositories\CanDoItAll\src\CanDoItAll.Components.Sandbox\Components\Pages\CanvasBenchmark.razor,Sandbox,text-slate-500,1
C:\repositories\CanDoItAll\src\CanDoItAll.Components\Components\Chart.razor,LegacyComponents,text-slate-500,1
C:\repositories\CanDoItAll\src\CanDoItAll.Components\Components\FormField.razor,LegacyComponents,text-slate-500,1
C:\repositories\CanDoItAll\src\CanDoItAll.Components\Components\TextBlock.razor,LegacyComponents,text-slate-500,1
C:\repositories\CanDoItAll\src\CanDoItAll.Modules.Projects\Pages\Components\ProjectModalHost.razor,Modules,text-slate-500,1
C:\repositories\CanDoItAll\Tailwind\navigation\page-header.css,Tailwind,text-slate-600,1
C:\repositories\CanDoItAll\Tailwind\navigation\treeview.css,Tailwind,text-slate-600,1
C:\repositories\CanDoItAll\Tailwind\typography\text.css,Tailwind,text-slate-600,1
C:\repositories\CanDoItAll\src\CanDoItAll.Components.BaseLib\Components\Cards\Compatibility\SheetNote.razor,BaseLib,text-slate-600,1
C:\repositories\CanDoItAll\src\CanDoItAll.Components.BaseLib\Components\Cards\PriceRow.razor,BaseLib,text-slate-600,1
C:\repositories\CanDoItAll\src\CanDoItAll.Components.BaseLib\Components\Cards\SectionCard.razor,BaseLib,text-slate-600,1
C:\repositories\CanDoItAll\src\CanDoItAll.Components.BaseLib\Components\Cards\SummaryTile.razor,BaseLib,text-slate-600,1
C:\repositories\CanDoItAll\src\CanDoItAll.Components.BaseLib\Components\DataVisualization\Chart.razor,BaseLib,text-slate-600,1
C:\repositories\CanDoItAll\src\CanDoItAll.Components.BaseLib\Components\Feedback\EmptyState.razor,BaseLib,text-slate-600,1
C:\repositories\CanDoItAll\src\CanDoItAll.Components.BaseLib\Components\Feedback\LoadingState.razor,BaseLib,text-slate-600,1
C:\repositories\CanDoItAll\src\CanDoItAll.Components.BaseLib\Components\Forms\FormSection.razor,BaseLib,text-slate-600,1
C:\repositories\CanDoItAll\src\CanDoItAll.Components.BaseLib\Components\Identity\Avatar.razor,BaseLib,text-slate-600,1
C:\repositories\CanDoItAll\src\CanDoItAll.Components.BaseLib\Components\Identity\CreatorLine.razor,BaseLib,text-slate-600,1
C:\repositories\CanDoItAll\src\CanDoItAll.Components.BaseLib\Components\Layout\StickyActionFooter.razor,BaseLib,text-slate-600,1
C:\repositories\CanDoItAll\src\CanDoItAll.Components.BaseLib\Components\Lists\ListPanelHeader.razor,BaseLib,text-slate-600,1
C:\repositories\CanDoItAll\src\CanDoItAll.Components.BaseLib\Components\Lists\PlainList.razor,BaseLib,text-slate-600,1
C:\repositories\CanDoItAll\src\CanDoItAll.Components.BaseLib\Components\Lists\SelectionListItem.razor,BaseLib,text-slate-600,1
C:\repositories\CanDoItAll\src\CanDoItAll.Components.BaseLib\Components\Modals\Dialog.razor,BaseLib,text-slate-600,1
C:\repositories\CanDoItAll\src\CanDoItAll.Components.BaseLib\Components\Navigation\LegalTocNav.razor,BaseLib,text-slate-600,1
C:\repositories\CanDoItAll\src\CanDoItAll.Components.BaseLib\Components\Navigation\SecondaryTabs.razor,BaseLib,text-slate-600,1
C:\repositories\CanDoItAll\src\CanDoItAll.Components.CanvasLib\Components\Calendar\CalendarCrudBridge.razor,CanvasLib,text-slate-600,1
C:\repositories\CanDoItAll\src\CanDoItAll.Components.CanvasLib\Components\Calendar\CalendarEventEditorModal.razor,CanvasLib,text-slate-600,1
C:\repositories\CanDoItAll\src\CanDoItAll.Components.CanvasLib\Components\Calendar\CalendarMiniMonthNavigator.razor,CanvasLib,text-slate-600,1
C:\repositories\CanDoItAll\src\CanDoItAll.Components.Sandbox\Components\Layout\MainLayout.razor,Sandbox,text-slate-600,1
C:\repositories\CanDoItAll\src\CanDoItAll.Components\Components\Chart.razor,LegacyComponents,text-slate-600,1
C:\repositories\CanDoItAll\src\CanDoItAll.Modules.Resources\Pages\ResourcesPage.razor,Modules,text-slate-600,1
C:\repositories\CanDoItAll\src\CanDoItAll.Modules.TestLab\Pages\TestLabPage.razor,Modules,text-slate-600,1
C:\repositories\CanDoItAll\src\CanDoItAll.Modules.Workbench\Pages\ProjectCalendarPage.razor,Modules,text-slate-600,1
C:\repositories\CanDoItAll\src\CanDoItAll.Web\Components\Layout\MainLayout.razor,WebApp,text-slate-600,1
C:\repositories\CanDoItAll\src\CanDoItAll.Components.BaseLib\Components\Badges\Badge.razor,BaseLib,text-slate-700,1
C:\repositories\CanDoItAll\src\CanDoItAll.Components.BaseLib\Components\Badges\Chip.razor,BaseLib,text-slate-700,1
C:\repositories\CanDoItAll\src\CanDoItAll.Components.BaseLib\Components\Badges\StatusBadge.razor,BaseLib,text-slate-700,1
C:\repositories\CanDoItAll\src\CanDoItAll.Components.BaseLib\Components\Cards\PriceBar.razor,BaseLib,text-slate-700,1
C:\repositories\CanDoItAll\src\CanDoItAll.Components.BaseLib\Components\Feedback\Alert.razor,BaseLib,text-slate-700,1
C:\repositories\CanDoItAll\src\CanDoItAll.Components.BaseLib\Components\Feedback\Callout.razor,BaseLib,text-slate-700,1
C:\repositories\CanDoItAll\src\CanDoItAll.Components.BaseLib\Components\Forms\Compatibility\DebugToggle.razor,BaseLib,text-slate-700,1
C:\repositories\CanDoItAll\src\CanDoItAll.Components.BaseLib\Components\Forms\SettingsSwitchLabel.razor,BaseLib,text-slate-700,1
C:\repositories\CanDoItAll\src\CanDoItAll.Components.BaseLib\Components\Modals\Dialog.razor,BaseLib,text-slate-700,1
C:\repositories\CanDoItAll\src\CanDoItAll.Components.BaseLib\Components\Navigation\SecondaryTabs.razor,BaseLib,text-slate-700,1
C:\repositories\CanDoItAll\src\CanDoItAll.Components.CanvasLib\Components\Calendar\CalendarMiniMonthNavigator.razor,CanvasLib,text-slate-700,1
C:\repositories\CanDoItAll\src\CanDoItAll.Components.CanvasLib\Components\Calendar\CalendarSelectionPanel.razor,CanvasLib,text-slate-700,1
C:\repositories\CanDoItAll\src\CanDoItAll.Components\Components\Alert.razor,LegacyComponents,text-slate-700,1
C:\repositories\CanDoItAll\src\CanDoItAll.Components\Components\Steps.razor,LegacyComponents,text-slate-700,1
C:\repositories\CanDoItAll\src\CanDoItAll.Components\Components\Tabs.razor,LegacyComponents,text-slate-700,1
C:\repositories\CanDoItAll\src\CanDoItAll.Modules.Resources\Pages\ResourcesPage.razor,Modules,text-slate-700,1
C:\repositories\CanDoItAll\src\CanDoItAll.Modules.Validation\Pages\ValidationCenterPage.razor,Modules,text-slate-700,1
C:\repositories\CanDoItAll\src\CanDoItAll.Modules.Workbench\Pages\ProjectCalendarPage.razor,Modules,text-slate-700,1
C:\repositories\CanDoItAll\src\CanDoItAll.Modules.Workspace\Pages\Components\ProjectStructureAgentSettingsPanel.razor,Modules,text-slate-700,1
C:\repositories\CanDoItAll\src\CanDoItAll.Components.BaseLib\Components\Forms\DropDown.razor,BaseLib,text-slate-800,1
C:\repositories\CanDoItAll\src\CanDoItAll.Components.BaseLib\Components\Forms\Numeric.razor,BaseLib,text-slate-800,1
C:\repositories\CanDoItAll\src\CanDoItAll.Components.BaseLib\Components\Forms\Password.razor,BaseLib,text-slate-800,1
C:\repositories\CanDoItAll\src\CanDoItAll.Components.BaseLib\Components\Forms\TextArea.razor,BaseLib,text-slate-800,1
C:\repositories\CanDoItAll\src\CanDoItAll.Components.BaseLib\Components\Forms\TextBox.razor,BaseLib,text-slate-800,1
C:\repositories\CanDoItAll\src\CanDoItAll.Components.BaseLib\Components\Navigation\Steps.razor,BaseLib,text-slate-800,1
C:\repositories\CanDoItAll\src\CanDoItAll.Components.BaseLib\Components\Typography\TextBlock.razor,BaseLib,text-slate-800,1
C:\repositories\CanDoItAll\src\CanDoItAll.Components\Components\DropDown.razor,LegacyComponents,text-slate-800,1
C:\repositories\CanDoItAll\src\CanDoItAll.Components\Components\Numeric.razor,LegacyComponents,text-slate-800,1
C:\repositories\CanDoItAll\src\CanDoItAll.Components\Components\Password.razor,LegacyComponents,text-slate-800,1
C:\repositories\CanDoItAll\src\CanDoItAll.Components\Components\TextArea.razor,LegacyComponents,text-slate-800,1
C:\repositories\CanDoItAll\src\CanDoItAll.Components\Components\TextBlock.razor,LegacyComponents,text-slate-800,1
C:\repositories\CanDoItAll\src\CanDoItAll.Components\Components\TextBox.razor,LegacyComponents,text-slate-800,1
C:\repositories\CanDoItAll\Tailwind\controls\buttons.css,Tailwind,text-slate-900,1
C:\repositories\CanDoItAll\Tailwind\navigation\workbench-shell.css,Tailwind,text-slate-900,1
C:\repositories\CanDoItAll\src\CanDoItAll.Modules.Activity\Pages\ActivityPage.razor,Modules,text-slate-900,1
C:\repositories\CanDoItAll\src\CanDoItAll.Modules.Automation\Pages\AutomationPage.razor,Modules,text-slate-900,1
C:\repositories\CanDoItAll\Tailwind\layout\stats.css,Tailwind,text-slate-950,1
C:\repositories\CanDoItAll\Tailwind\navigation\page-header.css,Tailwind,text-slate-950,1
C:\repositories\CanDoItAll\src\CanDoItAll.Components.BaseLib\Components\Cards\Compatibility\SheetCardHeading.razor,BaseLib,text-slate-950,1
C:\repositories\CanDoItAll\src\CanDoItAll.Components.BaseLib\Components\Cards\SectionCard.razor,BaseLib,text-slate-950,1
C:\repositories\CanDoItAll\src\CanDoItAll.Components.BaseLib\Components\Cards\SummaryTile.razor,BaseLib,text-slate-950,1
C:\repositories\CanDoItAll\src\CanDoItAll.Components.BaseLib\Components\Feedback\EmptyState.razor,BaseLib,text-slate-950,1
C:\repositories\CanDoItAll\src\CanDoItAll.Components.BaseLib\Components\Feedback\LoadingState.razor,BaseLib,text-slate-950,1
C:\repositories\CanDoItAll\src\CanDoItAll.Components.BaseLib\Components\Forms\FormSection.razor,BaseLib,text-slate-950,1
C:\repositories\CanDoItAll\src\CanDoItAll.Components.BaseLib\Components\Lists\ListPanelHeader.razor,BaseLib,text-slate-950,1
C:\repositories\CanDoItAll\src\CanDoItAll.Components.BaseLib\Components\Lists\SelectionListItem.razor,BaseLib,text-slate-950,1
C:\repositories\CanDoItAll\src\CanDoItAll.Components.BaseLib\Components\Modals\Dialog.razor,BaseLib,text-slate-950,1
C:\repositories\CanDoItAll\src\CanDoItAll.Components.BaseLib\Components\Navigation\Steps.razor,BaseLib,text-slate-950,1
C:\repositories\CanDoItAll\src\CanDoItAll.Components.BaseLib\Components\Typography\SectionHeading.razor,BaseLib,text-slate-950,1
C:\repositories\CanDoItAll\src\CanDoItAll.Components.BaseLib\Components\Typography\TextBlock.razor,BaseLib,text-slate-950,1
C:\repositories\CanDoItAll\src\CanDoItAll.Components.CanvasLib\Components\Calendar\CalendarCrudBridge.razor,CanvasLib,text-slate-950,1
C:\repositories\CanDoItAll\src\CanDoItAll.Components.CanvasLib\Components\Calendar\CalendarEventEditorModal.razor,CanvasLib,text-slate-950,1
C:\repositories\CanDoItAll\src\CanDoItAll.Components.CanvasLib\Components\Calendar\CalendarExportMenu.razor,CanvasLib,text-slate-950,1
C:\repositories\CanDoItAll\src\CanDoItAll.Components.CanvasLib\Components\Calendar\CalendarMiniMonthNavigator.razor,CanvasLib,text-slate-950,1
C:\repositories\CanDoItAll\src\CanDoItAll.Components.CanvasLib\Components\Calendar\CalendarTimeGridRenderer.razor,CanvasLib,text-slate-950,1
C:\repositories\CanDoItAll\src\CanDoItAll.Modules.Activity\Pages\ActivityPage.razor,Modules,text-slate-950,1
C:\repositories\CanDoItAll\src\CanDoItAll.Modules.Resources\Pages\ResourcesPage.razor,Modules,text-slate-950,1
C:\repositories\CanDoItAll\src\CanDoItAll.Modules.TestLab\Pages\TestLabPage.razor,Modules,text-slate-950,1
C:\repositories\CanDoItAll\src\CanDoItAll.Modules.Workspace\Pages\Components\ProjectStructureAgentSettingsPanel.razor,Modules,text-slate-950,1
C:\repositories\CanDoItAll\src\CanDoItAll.Web\Components\Layout\MainLayout.razor,WebApp,text-slate-950,1
C:\repositories\CanDoItAll\src\CanDoItAll.Web\Components\Pages\Home.razor,WebApp,text-slate-950,1
C:\repositories\CanDoItAll\src\CanDoItAll.Components.BaseLib\Components\Badges\Badge.razor,BaseLib,text-violet-700,1
C:\repositories\CanDoItAll\src\CanDoItAll.Components.BaseLib\Components\Badges\StatusBadge.razor,BaseLib,text-violet-700,1
C:\repositories\CanDoItAll\Tailwind\navigation\tabs.css,Tailwind,text-white,1
C:\repositories\CanDoItAll\Tailwind\surfaces\overlays.css,Tailwind,text-white,1
C:\repositories\CanDoItAll\src\CanDoItAll.Components.BaseLib\Components\Navigation\Compatibility\ImmersiveRibbonTabs.razor,BaseLib,text-white,1
C:\repositories\CanDoItAll\src\CanDoItAll.Components.BaseLib\Components\Navigation\RibbonTabs.razor,BaseLib,text-white,1
C:\repositories\CanDoItAll\src\CanDoItAll.Components.BaseLib\Components\Navigation\Steps.razor,BaseLib,text-white,1
C:\repositories\CanDoItAll\src\CanDoItAll.Components.CanvasLib\Components\Calendar\CalendarEventEditorModal.razor,CanvasLib,text-white,1
C:\repositories\CanDoItAll\src\CanDoItAll.Components.CanvasLib\Components\Calendar\CalendarMiniMonthNavigator.razor,CanvasLib,text-white,1
C:\repositories\CanDoItAll\src\CanDoItAll.Components.CanvasLib\Components\Calendar\CalendarTimeGridRenderer.razor,CanvasLib,text-white,1
C:\repositories\CanDoItAll\src\CanDoItAll.Modules.Workbench\Pages\ProjectCalendarPage.razor,Modules,text-white,1
C:\repositories\CanDoItAll\tests\CanDoItAll.Tests.Playwright\AppSmokeTests.cs,Tests,text-white,1
