line,function_name,recommended_module,notes
6,getRequiredRootService,workbench/shared/utils,
14,getTextMeasureService,workbench/shared/utils,
17,getViewportControllerService,workbench/runtime/projection,
20,getAnimationTimelineService,workbench/shared/utils,
27,clear,workbench/shared/utils,
33,createElement,workbench/shared/utils,
46,createSvgElement,workbench/shared/utils,
55,normalizeInputField,workbench/state/persistence,
73,normalizeInputValue,workbench/state/persistence,
80,clamp,workbench/shared/utils,
84,debounce,workbench/shared/utils,
102,now,workbench/shared/utils,
108,createWorkbenchMetrics,workbench/shared/metrics,
138,formatMetricDuration,workbench/shared/metrics,
146,cloneWorkbenchMetrics,workbench/shared/metrics,
176,incrementMetric,workbench/shared/metrics,
184,resetLastDragPatchMetrics,workbench/shared/metrics,
194,recordDragPatchMetrics,workbench/shared/metrics,
208,round,workbench/shared/utils,
212,normalizeAction,workbench/state/persistence,
240,normalizeAnnotation,workbench/state/persistence,
252,normalizeCompactPath,workbench/state/persistence,
266,normalizeDiagnosticsOptions,workbench/state/persistence,
275,normalizeMinimapOptions,workbench/state/persistence,
282,normalizeClipboardOptions,workbench/state/persistence,
292,normalizeTooltipPopoverOptions,workbench/state/persistence,
300,normalizeMarqueeOptions,workbench/state/persistence,
310,normalizeSnapGuideOptions,workbench/state/persistence,
322,normalizeConnectorAnchorOptions,workbench/state/persistence,
332,normalizeTransformHandleOptions,workbench/state/persistence,
342,normalizeGroupFrame,workbench/state/persistence,
351,normalizeProgressPercent,workbench/state/persistence,
359,normalizeMenuActionScale,workbench/state/persistence,
367,normalizeSurface,workbench/state/persistence,
445,toSelectionSet,workbench/interaction/input-routing,
449,toCollapsedSet,workbench/shared/utils,
453,getDefaultNodeSize,workbench/runtime/projection,
458,resolveBaseNodeSize,workbench/runtime/projection,
475,estimateNodeSizeFromText,workbench/runtime/projection,
558,getNodeSize,workbench/runtime/projection,
567,buildNodeLookup,workbench/shared/utils,
585,isNodeVisible,workbench/runtime/projection,
598,getVisibleNodes,workbench/runtime/projection,Visibility/culling utility; foundational for canvas migration.
602,getProjectionOverscanPx,workbench/runtime/projection,
610,collectProjectedContextNodeIds,workbench/runtime/projection,
633,isNodeProjectedInViewport,workbench/runtime/projection,
649,getProjectedNodes,workbench/runtime/projection,Projection/culling utility; keep but move under runtime/projection.
671,getBaseNodePosition,workbench/shared/utils,
678,getNodeDepth,workbench/shared/utils,
694,getNodeMobility,workbench/shared/utils,
710,buildResolvedLayoutKey,workbench/shared/utils,
724,buildLayoutItems,workbench/shared/utils,
750,getCollisionPaddingX,workbench/shared/utils,
766,getCollisionPaddingY,workbench/shared/utils,
775,getOverlapDelta,workbench/shared/utils,
783,chooseCollisionAxis,workbench/shared/utils,
795,resolveCollisionDirection,workbench/runtime/projection,
825,applyCollisionSeparation,workbench/shared/utils,
858,enforceParentClearance,workbench/shared/utils,
890,enforceSiblingSpacing,workbench/shared/utils,
955,relaxTowardBase,workbench/shared/utils,
976,computeResolvedNodePositions,workbench/shared/utils,
1015,ensureLayoutPositions,workbench/shared/utils,
1027,getNodePosition,workbench/shared/utils,
1034,getSceneBounds,workbench/runtime/projection,
1059,clampPanToScene,workbench/runtime/projection,
1103,setPan,workbench/runtime/projection,
1109,syncMenuScaleCss,workbench/runtime/projection,
1117,serializeState,workbench/state/persistence,
1136,applySceneTransform,workbench/runtime/projection,
1140,cancelViewportAnimation,workbench/runtime/projection,
1144,updateViewportTransform,workbench/runtime/projection,
1150,animateViewportTransition,workbench/runtime/projection,
1205,getLinkAnchorPoint,workbench/render/links,
1217,getLinkRetainedKey,workbench/render/links,
1225,getLinkPathData,workbench/render/links,
1241,updateLinkElement,workbench/render/links,
1257,renderLinks,workbench/render/links,
1306,ensureLinkMarkers,workbench/render/links,
1317,createLinkMarker,workbench/render/links,
1334,shouldRenderArrow,workbench/render/links,
1346,getExpandedFrameNodeIds,workbench/runtime/projection,
1366,getFrameRetainedKey,workbench/render/frames,
1370,createFrameElement,workbench/render/frames,
1398,updateFrameElement,workbench/render/frames,
1410,getFrameBounds,workbench/runtime/projection,
1439,renderGroupFrames,workbench/render/frames,
1497,resolveChipToneClass,workbench/shared/utils,
1514,createProgressMarker,workbench/shared/utils,
1532,resolveProgressDisplay,workbench/shared/utils,
1550,createProgressBadge,workbench/shared/utils,
1568,resolveProgressPresetBadgeOptions,workbench/shared/utils,
1600,resolveMarkerGlyph,workbench/shared/utils,
1627,createMarkerBadge,workbench/shared/utils,
1639,createPriorityBadge,workbench/shared/utils,
1650,appendNodeIndicators,workbench/shared/utils,
1678,renderInlineTextNode,workbench/render/nodes,
1697,createNodeMedia,workbench/render/nodes,
1755,createCompactPathButton,workbench/shared/utils,
1784,renderStandardNode,workbench/render/nodes,
1884,createRetainedNodeElement,workbench/render/nodes,
1892,getNodeRetainedContentKey,workbench/shared/utils,
1905,updateNodeElementChrome,workbench/render/nodes,
1939,renderNodeElementContent,workbench/render/nodes,
1949,renderNodes,workbench/render/nodes,
2001,buildActiveDragContext,workbench/interaction/input-routing,
2067,updateDirtyDragNodes,workbench/render/nodes,
2083,updateDirtyDragLinks,workbench/render/links,
2108,updateDirtyDragFrames,workbench/render/frames,
2139,renderActiveDrag,workbench/interaction/input-routing,
2172,positionFloatingOverlayWithinHost,workbench/overlays/html-overlays,
2193,hidePopover,workbench/overlays/html-overlays,
2202,showPopover,workbench/overlays/html-overlays,
2220,invokeAnnotationAction,workbench/shared/utils,
2229,renderNodeAnnotations,workbench/render/nodes,
2264,updateConnectorAnchorHover,workbench/render/links,
2274,getConnectorAnchorPoints,workbench/render/links,
2293,hideStatusNotice,workbench/shared/utils,
2308,showStatusNotice,workbench/shared/utils,
2320,renderEmptyStateOverlay,workbench/state/persistence,
2336,clearSnapGuides,workbench/shared/utils,
2340,renderSnapGuides,workbench/shared/utils,
2381,renderConnectorAnchorOverlay,workbench/render/links,
2443,getSelectionBounds,workbench/runtime/projection,
2477,renderTransformHandlesOverlay,workbench/runtime/projection,
2530,resolveSnapAdjustment,workbench/shared/utils,
2592,renderDebugDecorations,workbench/shared/utils,
2644,buildDiagnosticsSnapshot,workbench/state/persistence,
2667,renderDiagnosticsOverlay,workbench/render/diagnostics,
2712,renderMinimap,workbench/render/minimap,
2778,navigateViaMinimap,workbench/render/minimap,
2825,resolveClipboardAnchor,workbench/shared/utils,
2830,buildClipboardPayload,workbench/shared/utils,
2852,copySelectionToClipboard,workbench/interaction/input-routing,
2890,requestClipboardDuplicate,workbench/shared/utils,
2900,toggleMinimap,workbench/render/minimap,
2906,toggleDiagnostics,workbench/render/diagnostics,
2913,invalidateMeasuredLayout,workbench/shared/utils,
2918,measureRenderedNodeSizes,workbench/runtime/projection,
2959,scheduleNodeMeasurement,workbench/shared/utils,
2972,getHostPoint,workbench/shared/utils,
2980,worldToHostPoint,workbench/runtime/projection,
2998,getWorldPoint,workbench/runtime/projection,
3017,hitTestNode,workbench/interaction/input-routing,
3026,hitTestFrameHandle,workbench/render/frames,
3035,hitTestProgressBadge,workbench/interaction/input-routing,
3039,isOverlayTarget,workbench/overlays/html-overlays,
3043,applyFullTextTooltip,workbench/overlays/html-overlays,
3053,reconcileSelection,workbench/interaction/input-routing,
3064,applySelection,workbench/interaction/input-routing,
3081,selectSingleNode,workbench/interaction/input-routing,
3086,publishSelection,workbench/interaction/input-routing,
3093,clearViewportStateCommit,workbench/state/persistence,
3098,invokeStateChanged,workbench/state/persistence,
3109,publishState,workbench/state/persistence,Keep write-behind semantics and split live versus committed state.
3118,publishStateNow,workbench/state/persistence,
3128,scheduleViewportStateCommit,workbench/state/persistence,Keep idle commit semantics; stop eager server persistence.
3143,publishNodesMoved,workbench/shared/utils,
3156,setSelection,workbench/interaction/input-routing,
3161,toggleSelection,workbench/interaction/input-routing,
3166,toggleCollapse,workbench/shared/utils,
3179,clearContextMenu,workbench/overlays/html-overlays,
3186,closeComposer,workbench/overlays/html-overlays,
3199,ensureHostFocus,workbench/interaction/input-routing,
3208,deferHostFocus,workbench/interaction/input-routing,
3212,resolveComposerAnchor,workbench/overlays/html-overlays,
3231,layoutComposer,workbench/overlays/html-overlays,
3258,render,workbench/shared/utils,
3291,getContextActions,workbench/shared/utils,
3303,isCreateAction,workbench/shared/utils,
3313,buildCreateRequest,workbench/shared/utils,
3334,resolveMenuLabel,workbench/interaction/input-routing,
3344,getMenuScale,workbench/runtime/projection,
3348,isCompactHiveLayout,workbench/shared/utils,
3353,resolveMenuActionVariant,workbench/interaction/input-routing,
3372,getActionMetrics,workbench/shared/metrics,
3388,applyProgressPresetTone,workbench/shared/utils,
3407,fitContextMenuLabel,workbench/overlays/html-overlays,
3444,resolveActionGlyph,workbench/shared/utils,
3529,createMenuActionIcon,workbench/interaction/input-routing,
3563,resolveMenuActionAriaLabel,workbench/interaction/input-routing,
3567,getRadialOffsets,workbench/shared/utils,
3604,buildCompactHiveCoordinates,workbench/shared/utils,
3634,getCompactHiveOffsets,workbench/shared/utils,
3656,resolveContextMenuOffsets,workbench/overlays/html-overlays,
3664,resolveContextMenuSafeTop,workbench/overlays/html-overlays,
3682,getContextMenuLayerBounds,workbench/runtime/projection,
3716,clampLayerBoundsToHost,workbench/runtime/projection,
3752,positionContextMenu,workbench/overlays/html-overlays,
3764,getContextMenuOrbitRadius,workbench/overlays/html-overlays,
3776,getContextMenuLocalPoint,workbench/overlays/html-overlays,
3789,isPointInContextMenuLayer,workbench/overlays/html-overlays,
3806,closeContextMenuLayersFrom,workbench/overlays/html-overlays,
3821,syncContextMenuLayers,workbench/overlays/html-overlays,
3862,resolveSubmenuOrigin,workbench/interaction/input-routing,
3873,ensureSubmenuLoadingIndicator,workbench/interaction/input-routing,
3885,clearSubmenuLoadingIndicator,workbench/interaction/input-routing,
3894,cancelPendingContextSubmenu,workbench/interaction/input-routing,
3909,scheduleContextSubmenuOpen,workbench/interaction/input-routing,
3956,clampLayerOriginToHost,workbench/shared/utils,
3965,getToolboxPanelSize,workbench/runtime/projection,
3969,getToolboxPanelBounds,workbench/runtime/projection,
3978,clampToolboxPanelOriginToHost,workbench/runtime/projection,
3987,resolveToolboxPanelOrigin,workbench/runtime/projection,
4001,createContextMenuLayer,workbench/overlays/html-overlays,
4062,shiftContextMenuLayerOrigin,workbench/overlays/html-overlays,
4086,nudgeContextMenuLayerIntoVisibleHost,workbench/runtime/projection,
4119,resolveQuickCreateSourceNode,workbench/render/nodes,
4131,submitCreateRequest,workbench/shared/utils,
4162,submitNodeEdit,workbench/shared/utils,
4166,readFileAsUpload,workbench/shared/utils,
4188,commitComposer,workbench/state/persistence,
4253,decorateComposerShell,workbench/overlays/html-overlays,
4286,createComposerWizard,workbench/overlays/html-overlays,
4302,createComposerSection,workbench/overlays/html-overlays,
4321,updateComposerFileState,workbench/state/persistence,
4339,openCreateComposer,workbench/overlays/html-overlays,
4648,openInlineNoteComposer,workbench/overlays/html-overlays,
4681,buildChildNotePlacement,workbench/shared/utils,
4690,buildSiblingNotePlacement,workbench/shared/utils,
4697,openKeyboardNoteComposer,workbench/overlays/html-overlays,
4731,openExistingNoteEditor,workbench/overlays/html-overlays,
4741,executeContextAction,workbench/shared/utils,
4769,openContextSubmenu,workbench/interaction/input-routing,
4852,openContextSubmenuByActionId,workbench/interaction/input-routing,
4863,renderContextMenuLayer,workbench/overlays/html-overlays,
4951,renderToolboxPreview,workbench/shared/utils,
4984,renderToolboxPanelLayer,workbench/runtime/projection,
5137,showContextMenu,workbench/overlays/html-overlays,
5182,openNodeMetadataMenu,workbench/interaction/input-routing,
5202,startPan,workbench/runtime/projection,
5214,isMarqueeModifierPressed,workbench/interaction/input-routing,
5230,startMarquee,workbench/interaction/input-routing,
5253,ensureSelectedForDrag,workbench/interaction/input-routing,
5259,startDragForNodeIds,workbench/interaction/input-routing,
5286,startDrag,workbench/interaction/input-routing,
5291,startFrameDrag,workbench/render/frames,
5300,updateMarquee,workbench/interaction/input-routing,
5316,applyMarqueeSelection,workbench/interaction/input-routing,
5340,updateDrag,workbench/interaction/input-routing,
5364,updatePan,workbench/runtime/projection,
5372,finishInteraction,workbench/shared/utils,
5402,isNodeVisibleInViewport,workbench/runtime/projection,
5416,centerNodeElementInViewport,workbench/runtime/projection,
5431,ensureNodeVisible,workbench/runtime/projection,
5451,resize,workbench/runtime/projection,
5460,findContainingBlockOverride,workbench/shared/utils,
5478,suspendContainingBlock,workbench/shared/utils,
5499,restoreContainingBlock,workbench/state/persistence,
5511,setMaximized,workbench/shared/utils,
5531,fitView,workbench/shared/utils,
5565,focusNode,workbench/interaction/input-routing,
5600,normalizeWheelDelta,workbench/state/persistence,
5614,applyWheelZoom,workbench/runtime/projection,
5665,setZoomPercent,workbench/runtime/projection,
5709,setMenuScalePercent,workbench/runtime/entry,
5722,toggleHelp,workbench/runtime/entry,
5727,isManualDoubleActivation,workbench/runtime/entry,
5735,handleNodeDoubleActivation,workbench/runtime/entry,
5754,attachEvents,workbench/runtime/entry,
6018,buildWorkbench,workbench/runtime/entry,Current div/svg stage constructor; replace with real canvas stage shell while keeping public interop entry stable.
6124,hydrateState,workbench/runtime/entry,
6200,refresh,workbench/runtime/entry,
6293,cloneWorkbenchForExport,workbench/export/export-scene,Current DOM clone export path; replace with renderer-owned canvas composition.
6329,copyComputedStyles,workbench/export/export-scene,
6341,loadImage,workbench/export/export-scene,
6379,disposeWorkbenchState,workbench/runtime/entry,
6421,createWorkbenchInternals,workbench/runtime/entry,
